smiles,ACTIVITY
Cn1nc(N)c2cn([C@@H]3O[C@H](COP(=O)(O)O)[C@@H](O)[C@H]3O)c3ncnc1c23,4.853605154285686e-33
CCS(=O)(=O)N1CC(CC#N)(n2cc(-c3ncnc4[nH]ccc34)cn2)C1,7.998900741768011e-07
COCCNCCCn1c(C(=O)CF)c(-c2ccc(C)cc2)c2c(N)ncnc21,0.9168327450752258
Cc1cn2c(-c3cn[nH]c3)cnc2c(Nc2ccc(C(=O)N3CCNCC3)cc2F)n1,2.0923573629261227e-06
COc1cc(CCc2cc(NC(=O)c3ccc(N4C[C@H](C)N[C@H](C)C4)cc3)n[nH]2)cc(OC)c1,0.988218367099762
COc1ccc(-c2ccc3ncc4c(c3c2)n(-c2ccc(N3CCNCC3)c(C(F)(F)F)c2)c(=O)n4C)cn1,1.0
CC(=O)ONc1c(C2=c3ccc(Br)cc3=NC2=O)[nH]c2ccccc12,7.455682257554233e-14
C=CC(=O)Nc1cc2c(Nc3ccc(F)c(Cl)c3)ncnc2cc1C#CC(C)(C)N1CCN(C)CC1,0.9999916553497314
c1ccc(-c2oc3ncnc(NC[C@@H]4CCCO4)c3c2-c2ccccc2)cc1,0.2593437731266022
CCCCCCOC(=O)NC(=N)c1ccc(NCc2nc3cc(C(=O)N(CCC(=O)OCC)c4ccccn4)ccc3n2C)cc1,1.0
CC(C)C[C@H](NC(=O)c1cc2ccccc2s1)C(=O)N1CCN(C(=O)[C@H](CO)NS(=O)(=O)c2ccc(Cl)cc2Cl)CC1,2.4444882001262158e-05
CCC(c1ccc(O)cc1)C(CC)c1ccc(O)cc1,0.00318178185261786
CC1=C(O)C(=O)C=C2C1=CC=C1[C@@]3(C)CC[C@@]4(C)CC[C@@](C)(C(=O)O)C[C@H]4[C@]3(C)CC[C@@]21C,1.669952650690078e-21
C[C@]12CC[C@H]3[C@@H](CC=C4C[C@@H](O)CC[C@@]43C)[C@@H]1CC=C2c1cccnc1,9.114854037761688e-05
O=c1ccn([C@@H]2O[C@H](CO)[C@@H](O)[C@H]2O)c(=O)[nH]1,0.0
CCNC(=O)c1noc(-c2cc(C(C)C)c(O)cc2O)c1-c1ccc(CN2CCOCC2)cc1,3.72777103621047e-05
C[C@H](NC(=O)Cc1cc(F)cc(F)c1)C(=O)N[C@H](C(=O)OC(C)(C)C)c1ccccc1,5.188066087846721e-10
COc1ccc(-n2c(C)c([N+](=O)[O-])c3ccc(O)cc32)cc1,1.172380962088937e-05
CCOc1cc(C(=O)Nc2ccc(Cl)c(-c3nc4ccccc4[nH]3)c2)cc(OCC)c1OCC,0.9999070167541504
COc1cc2nc(-c3ccc(N4CCN(C)CC4)cc3)nc(NCCN3CCOCC3)c2cc1OC,0.9971477389335632
CSc1cccc(Nc2ncc3cc(-c4c(Cl)cccc4Cl)c(=O)n(C)c3n2)c1,0.017374541610479355
CC(C)[C@H](O)C(=O)N[C@@H](C)C(=O)N[C@@H]1C(=O)N(C)CCc2ccccc21,3.054027774489036e-14
CCC(=O)OC1CCC2C3CCC4=CC(=O)CC[C@@]4(C)C3CC[C@]12C,1.0372017413828871e-06
CC(C)(C)NC(=O)Nc1cccc(Nc2ncc(F)c(NC(C)(C)CO)n2)c1,0.9990039467811584
CNC(=O)c1ccccc1Sc1ccc2c(C=Cc3ccccn3)n[nH]c2c1,0.0018995889695361257
COc1cc([C@@H]2c3cc4c(cc3[C@H](O)[C@H]3COC(=O)[C@@H]23)OCO4)cc(OC)c1OC,2.0313278511520372e-13
CN(C)[C@@H](CCOc1cccc2ccccc12)c1ccccc1,1.0
O=C(CCCN1CCN(c2ccc(F)cc2)CC1)NC1c2ccccc2CSc2ccccc21,1.0
Cc1cnc(Nc2ccc(F)cc2Cl)nc1-c1c[nH]c(C(=O)N[C@H](CO)c2cccc(Cl)c2)c1,0.00010732530063251033
Cc1ccc(C=NNC(=O)c2ccccc2Oc2ccccc2)o1,0.2591422200202942
CC[C@@H]1C(=O)N(C)c2cnc(Nc3ccc(C(=O)NC4CCC(N5CCN(CC6CC6)CC5)CC4)cc3OC)nc2N1C(C)C,0.05911746993660927
C=CC(=O)N1CCc2ccc(-n3c(=O)ccc4cnc5ccc(-c6cnn(C)c6)cc5c43)cc21,0.9273087382316589
Nc1n[nH]c2nnc(-c3c(-c4ccccc4)nn4ccccc34)cc12,2.3983036953723058e-05
O=C(O)c1ccc(O)c2ncc(N3CCOCC3)cc12,7.053163196854292e-22
CC(C)C[C@H](NC(=O)CNC(=O)c1cc(Cl)ccc1Cl)B(O)O,6.092619173614366e-07
COc1cc2nccc(Oc3ccc(NC(=O)Nc4cc(C)on4)c(Cl)c3)c2cc1OC,9.567786764819175e-05
COc1ccc(-c2ccc3cc(C(=O)O)ccc3c2)cc1C12CC3CC(CC(C3)C1)C2,0.004643441643565893
N#CC1(c2cccc(C(=O)Nc3cc(Oc4ccc5nc(NC(=O)C6CC6)sc5n4)ccc3F)c2Cl)CC1,1.4030466388703644e-07
N#CNC(=Nc1ccncc1)NCCCCCCOc1ccc(Cl)cc1,0.0170607753098011
CCN(CC)CCOc1ccc(Nc2ncc3cc(-c4c(Cl)cccc4Cl)c(=O)n(C)c3n2)cc1,0.9999836683273315
COc1ccc(-c2oc3c(CC=C(C)C)c(O)cc(O)c3c(=O)c2O)cc1,0.2761675715446472
C[C@@]12O[C@@H](C[C@]1(O)CO)n1c3ccccc3c3c4c(c5c6ccccc6n2c5c31)CNC4=O,5.5365025064535445e-11
CC(C)(O)CC(=O)NCCn1ccc2ncnc(Nc3ccc(Oc4cccc(C(F)(F)F)c4)c(Cl)c3)c21,0.13904216885566711
C[C@H](CCC(=O)O)[C@H]1CCC2C3C[C@H](O)[C@@H]4C[C@H](O)CC[C@]4(C)C3CC[C@@]21C,1.7787098183230654e-10
Cc1cc(-c2ncc(CC(=O)Nc3ccc(-c4cnccn4)cn3)cc2C)ccn1,0.9045358896255493
Cc1ccccc1-n1c(Cn2nc(-c3cccc(O)c3)c3c(N)ncnc32)nc2cccc(C)c2c1=O,0.9653316140174866
CC(C)(OCc1nn(Cc2ccccc2)c2ccccc12)C(=O)O,2.1230900718038903e-11
CCn1c(-c2nonc2N)nc2c(C#CC(C)(C)O)ncc(OC[C@H]3CCCNC3)c21,7.857153122570182e-11
O=c1cc(CN2CCOCC2)occ1OCCCCCSc1ccnc2cc(C(F)(F)F)ccc12,0.9993078708648682
O=C(Nc1nc2ccccc2n1CCN1CCOCC1)c1cccc([N+](=O)[O-])c1,0.9999468326568604
Cc1cc(Cl)ccc1OCCCC(=O)NO,4.873887751721817e-13
OC1CCC(Nc2ncc3nc(Nc4c(F)cc(F)cc4F)n([C@@H]4CCOC4)c3n2)CC1,0.6732704639434814
CC(C)(O)Cn1c(NC(=O)c2ccc(-c3cn[nH]c3)s2)nc2cc(CN3CCOCC3)ccc21,0.1899120807647705
O=C(Nc1c[nH]nc1-c1nc2cc(CN3CCOCC3)ccc2[nH]1)NC1CC1,1.3025940326372165e-09
COc1cc2c(Oc3ccc(-c4cnc(Nc5ccc(F)cc5)n(C)c4=O)cc3F)ccnc2cc1OCCCN1CCOCC1,0.9999412298202515
COc1cc2ncnc(Nc3cc(Br)c(O)c(Br)c3)c2cc1OC,4.355186255578826e-14
COc1c(OCCCN2CCOCC2)ccc2c3n(c(=NC(=O)c4cnc(N)nc4)nc12)CCN3,3.663094730654848e-06
O=C1NC(=O)C(c2cnc3ccccn23)=C1c1cn2c3c(cccc13)CN(C(=O)N1CCOCC1)CC2,2.015226345974952e-05
CC(C)C[C@@H](N)[C@H](O)C(=O)N[C@H](C(=O)N[C@H](C(=O)N[C@@H](CC(=O)O)C(=O)O)C(C)C)C(C)C,0.0
CCN1CCCC1CNC(=O)c1cc(S(=O)(=O)CC)c(N)cc1OC,0.0036674838047474623
COc1cc2ncn(-c3cc(OCc4ccccc4C(F)(F)F)c(C(N)=O)s3)c2cc1OC,0.07382874190807343
Cn1cc(C=CC(=O)c2cccc(F)c2)cc1C=CC(=O)NO,6.2113452402312586e-12
COc1ccccc1N1CCN(CCN(C(=O)C2CCCCC2)c2ccccn2)CC1,0.9998630285263062
O=C(CCCCCCC(=O)Nc1cccnc1)NO,5.1366785128549294e-21
C[C@@]1(CO)CN(c2cc(C(=O)Nc3ccc4c(c3)-c3c(c(C(N)=O)nn3-c3ccc(F)cc3)CC4)c(Cl)cn2)C[C@]1(C)CO,0.002503960859030485
C=C1C(=O)O[C@H]2[C@H]1CCC(C)=CCC[C@@]1(C)O[C@H]21,4.350052224101994e-38
COc1cc(OC2CCN(C)CC2)ccc1Nc1ncc2c(n1)n(C1CCCC1)c(=O)n2C,0.5416009426116943
CC(=O)OCC(=O)[C@@]1(O)[C@H](C)C[C@H]2[C@@H]3C=C(C)C4=Cc5c(cnn5-c5ccccc5)C[C@]4(C)[C@H]3[C@@H](O)C[C@@]21C,0.0002915451186709106
COCC1(CO)C(=O)C2CCN1CC2,7.852246531895115e-28
c1ccc(-c2nn3c(c2-c2ccnc4cc(OCCN5CCOCC5)ccc24)CCC3)nc1,0.012692478485405445
CC1CNc2c(cccc2S(=O)(=O)N[C@@H](CCCNC(=N)N)C(=O)N2CC[C@@H](C)C[C@@H]2C(=O)O)C1,4.660827517406028e-21
CN(c1ncccc1CNc1nc(Nc2ccc3c(c2)CC(=O)N3)ncc1C(F)(F)F)S(C)(=O)=O,0.9889001846313477
Cc1nc(NC(=O)N2CCC[C@H]2C(N)=O)sc1-c1csc(C(C)(C)C)n1,1.2438244212376048e-08
Cn1cnc(-c2cc3nccc(Oc4ccc(NC(=S)NC(=O)Cc5ccccc5)cc4F)c3s2)c1,4.348780748841818e-06
CC(=O)NC(CS)C(=O)O,2.9619189588495085e-39
CC[C@H](C)n1cc(C)c2c(C(=O)NCc3c(C)cc(C)[nH]c3=O)cc(-c3ccc(N4CCNCC4)nc3)cc21,0.2076576054096222
Cc1cc(Nc2nc(N[C@@H](C)c3ncc(F)cn3)ncc2Cl)n[nH]1,1.0096754294863786e-06
CN(C(=O)c1ccc(F)cc1C(F)(F)F)C1CCN(c2nnc(-c3ccnn3C)c3ccccc23)CC1,0.998961329460144
O=C(c1ccc(C=Cc2n[nH]c3ccccc23)cc1)N1CCNCC1,8.743618309381418e-06
CN(C)c1ccc(-c2nc3c(N4CCN(CC(=O)Nc5nccs5)CC4)c(Cl)cnc3[nH]2)cc1,1.0102938858835842e-06
C[C@@H](Oc1cc(-n2cnc3ccc(CN4CCN(C)CC4)cc32)sc1C(N)=O)c1ccccc1C(F)(F)F,0.9923328161239624
Oc1cccc(-c2nc(N3CCOCC3)c3oc4ncccc4c3n2)c1,6.486025605489942e-11
CN1CCN(Cc2ccc(NC(=O)Nc3ccc(Oc4cc(NC(=O)C5CC5)ncn4)cc3)cc2C(F)(F)F)CC1,0.9985589385032654
CC(=O)Nc1cccc(-n2c(=O)n(C3CC3)c(=O)c3c(Nc4ccc(I)cc4F)n(C)c(=O)c(C)c32)c1,1.7331791468677693e-07
CO[C@H]1C=CC=C(C)C(=O)NC2=CC(=O)C(NCCN(C)C)=C(C[C@@H](C)C[C@H](OC)[C@H](O)[C@@H](C)C=C(C)[C@@H]1OC(N)=O)C2=O,4.777424116031437e-12
O=C(NCCS(=O)(=O)c1ccc(C(F)(F)F)cn1)c1ccc(Cl)cc1,0.00020234212570358068
O=C(Nc1ccc(OC(F)(F)F)cc1)c1sccc1NCc1ccnc2ccccc12,0.9968411922454834
Cc1ccn(-c2ccc(-c3ncco3)cc2)c(=O)c1-c1ccc2nc(N)ncc2c1,2.0905998098896816e-05
CCNC(=O)c1cc2c(-c3cc(OCCN4CCCC4)c(Cl)cc3Cl)nc(N)nc2s1,0.8830792903900146
CC(C)OC(=O)CCCC=CC[C@H]1[C@@H](O)C[C@@H](O)[C@@H]1C=C[C@@H](O)COc1cccc(C(F)(F)F)c1,1.0
C[N+]1([O-])[C@H]2C[C@@H](OC(=O)[C@H](CO)c3ccccc3)C[C@@H]1[C@H]1O[C@@H]21,3.796509203073406e-18
CN1CCC(COc2cnc(-c3cccc(Cn4nc(-c5cccc(C#N)c5)ccc4=O)c3)nc2)CC1,0.9999992847442627
C[N+]1(C)[C@H]2CC[C@@H]1C[C@@H](OC(=O)C(C[O-])c1ccccc1)C2,0.2652320861816406
C[N+]1([O-])[C@H]2CC[C@@H]1C[C@H](OC(=O)C(CO)c1ccccc1)C2,1.610008803254459e-05
COc1cc(C[C@@H](CO)[C@H](CO)Cc2ccc(O)c(OC)c2)ccc1O,0.00012965567293576896
Cc1cccc(-c2nn3c(c2-c2ccnc4cc(C(N)=O)ccc24)CCC3)n1,0.48684579133987427
O=S(=O)(N=Cc1c(O)ccc2ccccc12)c1cccs1,3.587122658512143e-17
CN(C)CCOc1ccc(-c2nc(-c3ccc4c(c3)CCC4=NO)c(-c3ccncc3)[nH]2)cc1,0.04559176415205002
NC(=O)c1cccc2[nH]c(-c3ccc([C@H]4CCCN4)cc3F)nc12,0.9868305325508118
O=C(c1cc(Cc2n[nH]c(=O)c3ccccc23)ccc1F)N1CCN(C(=O)C2CC2)CC1,3.1445665626961272e-06
O=c1[nH]c2ccc(Cl)cc2c(N[C@@H]2CN3CCC2CC3)c1-c1nc2ccccc2[nH]1,0.9998859167098999
NC(=O)c1ccc2[nH]c(-c3ccc(Oc4ccc(Cl)cc4)cc3)nc2c1,0.9999991655349731
O=C(O)CCNc1cc(N2CCc3ccccc3CC2)nc(-c2ccccn2)n1,3.976300320118753e-07
Cc1csc(-c2nnc(Nc3ccc(Oc4ncccc4-c4ccnc(N)n4)cc3)c3ccccc23)c1,0.07584067434072495
O=C(O)[C@@H](c1ccc(OCc2ccc3ccccc3n2)cc1)C1CCCC1,0.9999279975891113
O=C(O)C1=NC(C(=O)O)CC(C=CN2c3cc(O)c(OC4OC(CO)C(O)C(O)C4O)cc3CC2C(=O)O)=C1,3.2663506195084234e-31
COC[C@H]1OC(=O)c2coc3c2[C@@]1(C)C1=C(C3=O)[C@@H]2CC[C@H](O)[C@@]2(C)C[C@H]1OC(C)=O,6.427909771456711e-22
Cc1ccc(NC(=O)c2cccc(C(C)(C)C#N)c2)cc1Nc1ccc2ncn(C)c(=O)c2c1,0.003371082479134202
COCC(=O)NCC=Cc1ccc2ncnc(Nc3ccc(Oc4ccc(C)nc4)c(C)c3)c2c1,0.5770047307014465
CC(C=CC1=C(C)CCCC1(C)C)=CC=CC(C)=C/C=C/C=C(C)/C=C/C=C(C)/C=C/C1=C(C)CCCC1(C)C,0.3891759514808655
CC(=NNC(=S)N1CCC1)c1ccccn1,8.394553940860305e-10
C[C@H](NC(=O)C(C#N)=Cc1cccc(Br)n1)c1ccccc1,3.944257514376659e-06
CC(C)c1cc(C(C)C)c(CC(=O)NS(=O)(=O)Oc2c(C(C)C)cccc2C(C)C)c(C(C)C)c1,0.9828292727470398
O=c1c(-c2ccc(O)cc2)coc2cc(OC3O[C@H](CO)[C@@H](O)[C@H](O)[C@H]3O)cc(O)c12,2.3916765790055194e-10
COc1ccc(N(C(=O)Oc2c(C)cccc2C)c2ccnc(Nc3ccc(N4CCN(C)CC4)cc3)n2)c(OC)c1,1.0
CC(O)=C(C#N)C(=O)Nc1ccc(C(F)(F)F)cc1,3.9709417936249266e-19
C[C@]12CCC3C(CC=C4C[C@@H](O)CC[C@@]43C)C1CC=C2n1cnc2ccccc21,0.9999284744262695
C#Cc1cccc(Nc2ncnc3cc(OCCOC)c(OCCO)cc23)c1,2.1618685423163697e-05
O=C(NOCC(O)CO)c1cc(Br)c(F)c(F)c1Nc1ccc(I)cc1F,0.07365242391824722
C[C@]12CC[C@H]3[C@@H](CCC4=CC(=O)CC[C@@]43C)[C@@H]1CC[C@@H]2OC(=O)CCC1CCCC1,0.8842498064041138
COc1ccc(C(=O)CC2(O)C(=O)Nc3c(Cl)ccc(Cl)c32)cc1,0.5405906438827515
COc1cc2nccc(Oc3ccc(NC(=O)NC4CC4)c(Cl)c3)c2cc1C(N)=O,0.9971131086349487
CC(=O)Nc1nc(C)c(-c2ccc(Cl)c(S(=O)(=O)NCCO)c2)s1,1.5119933300181132e-12
CN(C)CCOC1=Cc2ccccc2Sc2ccc(Cl)cc21,1.0
Cc1ccccc1C(=O)c1ccc(Nc2ccc(Br)cc2N)cc1Cl,0.00011455151252448559
Cn1c(=O)c(-c2c(Cl)cccc2Cl)cc2cnc(Nc3cccc(C(=O)O)c3)nc21,6.19793127043522e-07
CC(C)[C@H](CO)Nc1nc(Nc2ccc(C(=O)O)c(Cl)c2)c2ncn(C(C)C)c2n1,1.920104750752216e-06
CC(=O)c1c(C)c2cnc(Nc3ccc(N4CCNCC4)cn3)nc2n(C2CCCC2)c1=O,0.009595303796231747
N#CC(=C(N)Sc1ccccc1N)C(C#N)=C(N)Sc1ccccc1N,0.002114307601004839
O=C(O)[C@H]1O[C@H](Oc2cc3oc(-c4ccccc4)cc(=O)c3c(O)c2O)[C@H](O)[C@@H](O)[C@@H]1O,7.047685638360453e-27
C[C@@H]1COC(Nc2ccc3ncnc(Nc4ccc(OCc5nccs5)c(Cl)c4)c3c2)=N1,1.0904377631959505e-05
CS(=O)(=O)c1cccc(CNc2nc(Nc3ccc4c(c3)CCC(=O)N4)ncc2C(F)(F)F)c1,0.9962127208709717
CNC(=O)c1ccccc1Nc1nc(Nc2ccc(N3CCOCC3)cc2OC)ncc1Cl,0.12442337721586227
CCc1nc(-c2cccc(C)c2)c(-c2ccnc(NC(=O)c3ccccc3)c2)s1,0.0003483701730147004
COc1cc(N2CCN(C)CC2)ccc1Nc1nc(N)c(C(=O)c2c(Cl)cccc2Cl)s1,1.0
CCNC(=O)Nc1ccc2ncc(Nc3ccc(C)cc3)nc2n1,8.853738791003707e-07
Cc1cncc2cccc(S(=O)(=O)N3CCCN(C(=O)CN)C[C@@H]3C)c12,4.377845637118656e-19
c1ccc(CNc2nc(NCc3ccccc3)c3ccccc3n2)cc1,0.09954370558261871
Cc1cccc(-c2nn(C(=S)Nc3ccccc3)cc2-c2ccnc3ccccc23)n1,0.0010064077796414495
CCC(=O)O[C@]1(C(=O)CO)CC[C@H]2[C@@H]3CCC4=CC(=O)CC[C@]4(C)[C@H]3CC[C@@]21C,4.389034968799166e-10
COCCOC(=O)C1=C(C)NC2=C(C(=O)CC(c3ccccc3OC)C2)C1c1cccc(O)c1,1.8154520375901484e-07
COc1cc2c(Oc3ccc4[nH]c(C)cc4c3F)ncnc2cc1OCCCN1CCCC1,0.9999998807907104
Cc1ccc(C(=O)Nc2cccc(C(F)(F)F)c2)cc1Nc1nc(-c2cccnc2)nc2c1cnn2C,0.9257320761680603
CN[C@@H]1C[C@H]2O[C@@](C)([C@@H]1OC)n1c3ccccc3c3c4c(c5c6ccccc6n2c5c31)C(=O)N[C@H]4O,0.0003176780301146209
COc1ccc(S(=O)(=O)N(CCO)c2ccccc2CN(C)CC=Cc2ccc(Cl)cc2)cc1,1.0
CCCCC(C=O)NC(=O)C(CC(C)C)NC(=O)OCc1ccccc1,0.7493619322776794
O=c1c(O)c(-c2ccc(O)c(O)c2)oc2cc(O)ccc12,1.0461378252557552e-07
Cc1nc(C(=O)NCC(=O)O)c(O)c2ccc(Oc3ccccc3)cc12,2.3691484699800487e-21
CNc1nc(-c2ccc3c(N)n[nH]c3c2)cc(N2C[C@@H](C(=O)NC3CCCCC3)CC[C@H]2C)n1,0.303031325340271
COc1cc2c(Nc3ccc(NC(=O)c4ccccc4)cc3)ncnc2cc1OCCCN1CCOCC1,0.0003978875174652785
COc1ccc2c3n(c(=NC(=O)c4cccnc4)nc2c1OC)CCN3,7.810001534380717e-07
CCOc1cc(CC(=O)N[C@@H](CC(C)C)c2ccccc2N2CCCCC2)ccc1C(=O)O,0.14370609819889069
Cn1cc(C2=C(c3cn(C4CCN(Cc5ccccn5)CC4)c4ccccc34)C(=O)NC2=O)c2ccccc21,0.9999862909317017
CN1CCN(c2cc(C(=O)Nc3ccc4c(c3)-c3c(c(C(N)=O)nn3-c3ccc(F)cc3)CC4)c(Cl)cn2)CC1,0.9999741315841675
CN(C)CC=CC(=O)Nc1cc2c(Nc3ccc(F)c(Cl)c3)ncnc2cc1O[C@H]1CCOC1,0.7944852709770203
N#CC(=C1Nc2ccccc2S1)c1ccnc(OCc2ccc(CN3CCOCC3)cc2)n1,0.00041741563472896814
COc1ccc(-n2nc(C(N)=O)c3c2C(=O)N(c2ccc(N4CCCCC4=O)cc2)CC3)cc1,1.317590374583233e-07
COC1=CC(C)=C[C@@H](C)[C@@H](O)[C@@H](C)CC(C)=CC=C[C@H](OC)[C@@H]([C@@H](C)[C@@H](O)[C@H](C)[C@@]2(O)C[C@@H](O)[C@H](C)[C@@H](C(C)C)O2)OC1=O,1.925547394421301e-06
CCCC[N+]1(C)[C@H]2CC(OC(=O)[C@H](C[O-])c3ccccc3)C[C@@H]1[C@H]1O[C@@H]21,8.182900046449504e-08
CCOC(=O)c1c(C(C#N)=CN)c2ccc(Cl)c(Cl)c2n1C,0.3577980399131775
CCN1C[C@]2(OC(=O)c3ccccc3NC(C)=O)CC[C@H](OC)[C@@]34[C@@H]2C[C@@H]([C@@H]13)[C@@]1(O)C[C@H](OC)[C@H]2C[C@@H]4[C@]1(O)[C@H]2OC,1.5084336477992556e-15
COc1cc(N2CCC(N3CCN(C)CC3)CC2)ccc1Nc1ncc(Cl)c(Nc2ccccc2S(=O)(=O)C(C)C)n1,0.9914666414260864
COc1ccc(C2=N[C@H](c3ccc(Cl)cc3)[C@H](c3ccc(Cl)cc3)N2C(=O)N2CCNC(=O)C2)c(OC(C)C)c1,0.898391842842102
CCCCCCCCCCCCCCCCCCOP(=O)([O-])OC1CC[N+](C)(C)CC1,0.9999997615814209
O=C(O)C1(Cc2cccc(Nc3nccs3)n2)CCC(Oc2cccc(Cl)c2F)CC1,0.043764565140008926
Oc1ccc2ccccc2c1SSc1c(O)ccc2ccccc12,1.0486935625442229e-10
FC(F)(F)c1ccc(C=Cc2nc(COc3ccc(CCCCn4ccnn4)cc3)co2)cc1,0.9999120235443115
O=C(O)c1ccc(-c2c[nH]c3ncc(-c4ccccc4)cc23)cc1C1CCCC1,0.22762160003185272
Nc1nc(N)c(N=O)c(OCC2CCCCC2)n1,0.0001486107357777655
COc1cc2c(cc1-c1c(C)noc1C)ncc1[nH]c(=O)n([C@H](C)c3ccccn3)c12,0.00028354526148177683
C[C@H](NC(=Nc1cccc2ccccc12)NC#N)c1ccccc1,8.83236134541221e-06
CC1=C(C(=O)Nc2cc3cn[nH]c3cc2F)C(c2ccc(Cl)cc2F)NC(c2ccnc(Cl)c2)=N1,0.20785588026046753
Cc1cc([C@@H](C)Nc2ccccc2C(=O)O)c2nc(N3CCOCC3)cc(=O)n2c1,3.887329569352005e-09
CC[C@H](Nc1ncnc2[nH]cnc12)c1nc2cccc(F)c2c(=O)n1-c1ccccc1,1.4024365668774408e-07
C[C@@H]1[C@H]2C3=CC[C@@H]4[C@@]5(C)CC[C@H](O)C(C)(C)[C@@H]5CC[C@@]4(C)[C@]3(C)CC[C@@]2(C(=O)O)CC[C@H]1C,1.1890259610236598e-10
Cc1ccc(CN2CCNCC2)cc1NC(=O)CNc1ccc(F)c(F)c1,1.1324307251925347e-06
OCc1ccccc1O[C@@H]1O[C@H](CO)[C@@H](O)[C@H](O)[C@H]1O,2.7194224854295836e-30
COc1cc(N2CCC(N3CCN(C)CC3)CC2)ccc1Nc1ncnc(Nc2ccccc2S(=O)(=O)C(C)C)n1,0.0010863349307328463
CCc1cccc(CC)c1NC(=O)N1Cc2[nH]nc(NC(=O)c3ccc(N4CCN(C)CC4)cc3)c2C1,0.0003425934410188347
COc1ccc(Cn2ccc3ccc(C(=O)NO)cc32)cc1,9.514407395272428e-08
COc1ccc(-c2coc3cc(O)cc(O)c3c2=O)cc1,5.797196536150295e-07
CN1CCN(CCOc2cc(OC3CCOCC3)c3c(Nc4c(Cl)ccc5c4OCO5)ncnc3c2)CC1,1.0
O=C(C[C@@H]1CC=CCCC(=O)O[C@H](c2ccccc2)CNC1=O)NCc1ccc(Cl)cc1,0.045466937124729156
Cc1cc(Nc2cc(N3CCN(C)CC3)nc(C=Cc3ccccc3)n2)n[nH]1,0.00019564261310733855
O=C(NC[C@H]1CN(c2ccc(N3CCOCC3=O)cc2)C(=O)O1)c1ccc(Cl)s1,0.00011745515803340822
CCCNC(=O)Nc1ccc(Oc2ncnc3cc(OC)c(OC)cc23)cc1Cl,9.158853231383546e-07
Fc1ccc(Cl)cc1-c1nc(Nc2ccncc2)c2nccnc2n1,0.999996542930603
CCN1CCN(Cc2ccc(-c3cc4c(N[C@H](C)c5ccccc5)ncnc4[nH]3)cc2)CC1,0.9949108958244324
CC(C)(C)c1cnc(CSc2cnc(NC(=O)C3CCNCC3)s2)o1,0.01268534641712904
O=C1c2ccccc2-n2ccc3c4ccccc4nc-3c21,6.94300842951634e-06
Cc1ccc(Nc2cc(-c3cccc(N4C(=O)c5ccccc5C4=O)c3)ncn2)cc1NS(C)(=O)=O,0.9997813105583191
NCC(=O)Nc1ccc(-n2nc(C(F)(F)F)cc2-c2ccc3c(ccc4ccccc43)c2)cc1,0.20667587220668793
COc1cc(N2CCC(C(N)=O)CC2)ccc1Nc1nc(N)c(Cl)c(Nc2ccccc2S(=O)(=O)C(C)C)n1,0.00010421631304780021
O=C(Nc1ccccc1Br)N[C@@H]1CCN(c2ccc(C(F)(F)F)cn2)C1,0.3242263197898865
CC(N[C@H]1C[C@@H]1c1ccccc1)c1ccc2c(c1)OCCO2,0.997521698474884
O=C(c1ccc(C(=O)N2CCC(N3CCCC3)CC2)c(Nc2ccccc2)c1)N1CCC(N2CCCC2)CC1,0.003390733851119876
Cc1sc2c(c1C)C(c1ccc(Cl)cc1)=N[C@@H](CC(=O)OC(C)(C)C)c1nnc(C)n1-2,0.8106783032417297
COc1ccc(-c2c(-c3ccc(O)cc3O)n[nH]c2C)cc1,9.608712389308494e-06
CC(C)Nc1cc(C(F)(F)F)cc2nc(NC(=O)c3cccnc3)nn12,0.00401206873357296
Cc1ccc(-n2nc(C(C)(C)C)cc2NC(=O)Nc2ccc(OCCN3CCOCC3)c3ccccc23)cc1,0.9999785423278809
CN1CCN(c2ccc3[nH]c(-c4c(N)c5c(F)cccc5[nH]c4=O)nc3c2)CC1,4.7038381012498576e-07
CC1(C)C(=O)N(CCN2CCC(C(=O)c3ccc(F)cc3)CC2)c2ccccc21,0.999996542930603
Nc1nccc(Oc2ccc(NC(=O)c3c[nH]cc(-c4ccc(F)cc4)c3=O)cc2F)c1Cl,0.24639084935188293
CNC(=O)c1ccc(C)c(-n2c(C)cc(OCc3ccc(F)cc3F)c(Br)c2=O)c1,1.9121921468467917e-06
CN(C)C(=O)c1ccc(S(=O)(=O)c2ccc(NC(=O)[C@@](C)(O)C(F)(F)F)c(Cl)c2)cc1,1.7267408836119102e-08
CCOC(=O)C1=C(N)Oc2ccc(Br)cc2C1C(C#N)C(=O)OCC,3.8270933089279424e-08
NC(=O)c1ccc(-c2nc(-c3ccccn3)c(-c3ccc4c(c3)OCO4)[nH]2)cc1,0.001989210955798626
COC(=O)c1ccc2c(C(=Nc3ccc(N(C)C(=O)CN4CCN(C)CC4)cc3)c3ccccc3)c(O)[nH]c2c1,0.6472883224487305
CCOC(=O)C1=C(C)NC2=C(C(=O)CC(C)(C)C2)C1c1ccc(-c2ccccc2)cc1,0.00035694442340172827
O=C(CCCCCCNC(=O)c1cnc(N(c2ccccc2)c2ccccc2)nc1)NO,4.355798068900185e-07
CC1(C)Cc2c(sc(NC(=S)NC(=O)c3ccccc3)c2C(=O)O)CO1,5.862371785930742e-12
COc1cc(C(C)C)c2c(c1)S(=O)(=O)N(COc1cc(=O)n3cccc(OCCN4CCCCC4)c3n1)C2=O,0.017887163907289505
CC1(C)C(N(O)C(=O)Nc2ccc(Cl)cc2)N(c2ccc(Cl)cc2)C(=O)N1CC(=O)NN=CC=Cc1ccc([N+](=O)[O-])o1,0.9986464381217957
COc1nccc(-c2c(-c3ccc(F)cc3)ncn2C2CCNCC2)n1,0.9996411800384521
NC(=O)c1ccc(N(C(N)=O)c2c(F)cccc2F)nc1-c1ccc(F)cc1F,0.11601867526769638
Cc1nc(N)ncc1-c1nc(N2CCOCC2)c2sc(C(C)(C)O)cc2n1,2.6982952761045453e-08
COc1cc(Cl)cn2c(-c3cccc(NC4CNC4)n3)cnc12,0.9978387951850891
CC(C)[C@H](CO)Nc1nc(Nc2cccc(Cl)c2)c2ncn(C(C)C)c2n1,0.9984947443008423
COc1cc(Nc2ncc(F)c(Nc3ccc4c(n3)NC(=O)C(C)(C)O4)n2)cc(OC)c1OC,0.098753422498703
Cc1ccc(C(=O)c2cc(O)c(O)c([N+](=O)[O-])c2)cc1,6.508732441901088e-10
COC(=O)Nc1ccc(-c2nc(N3CCOCC3)c3cnn(C4CCN(Cc5cccnc5)CC4)c3n2)cc1,0.9902046918869019
NC(=O)[C@@H](CCC(F)(F)F)N(Cc1ccc(-c2ncon2)cc1F)S(=O)(=O)c1ccc(Cl)cc1,0.00031027873046696186
Nc1nc(N)c2nc(-c3cccc(O)c3)c(-c3cccc(O)c3)nc2n1,0.004090215545147657
O=C(NCc1ccncc1)C12C[C@H]3C[C@@H](C1)CC(c1ccc(Cl)cc1)(C3)C2,0.999998927116394
Oc1ccc(C2CCN(c3ccnc4ccccc34)CC2)cc1O,0.9999979734420776
C=CC(=O)Nc1ccc2ncnc(Nc3ccc(OCc4cccc(F)c4)c(Cl)c3)c2c1,0.06520596146583557
CN[C@@H](C)C(=O)N[C@H]1CN(C(=O)CC(C)C)CC[C@H]2CC[C@@H](C(=O)NC(c3ccccc3)c3ccccc3)N2C1=O,3.425689731884063e-10
C[C@@H](NC(=O)c1ncnc(N)c1Cl)c1ncc(C(=O)Nc2cc(C(F)(F)F)c(Cl)cn2)s1,8.48813506308943e-05
N#C[C@@H]1C[C@@H]2C[C@@H]2N1C(=O)[C@@H](N)C12CC3CC(CC(O)(C3)C1)C2,0.005382129456847906
COc1ccc(S(=O)(=O)N(C(C)=O)c2ccccc2C=Cc2cc[n+]([O-])cc2)cc1,3.6198861153025064e-07
CC(=O)Nc1sc2c(c1-c1nc3ccccc3s1)CNC2,1.965212020893503e-11
CCOc1cc2ncc(C#N)c(Nc3ccc(F)c(Cl)c3)c2cc1NC(=O)C=CCN(C)C,0.9980525970458984
Cc1ccc(NC(=O)c2cccc(N(C)C)c2)cc1NC(=O)c1ccc(O)cc1,3.5299614342676477e-09
O=C1NC(=O)C(=Cc2ccc(-c3ccc(F)cc3)o2)S1,4.060319757410532e-20
CC1(C)CC(=O)c2c(C(F)(F)F)nn(-c3ccc(C(N)=O)c(NC4CCC(O)CC4)c3)c2C1,0.22779014706611633
COc1cccc2c(NCc3ccccc3)nc(-n3c(N)nc4ccccc43)nc12,0.9868022799491882
COc1ccc(S(=O)(=O)Nc2cc(-c3c(O)ccc4ccccc34)c(O)c3ccccc23)cc1,0.483822762966156
N#Cc1c(O)[nH]c2scc(-c3ccc(-c4ccccc4O)cc3)c2c1=O,9.471120574744418e-05
COc1ccc(F)c(F)c1C(=O)c1cnc(NC2CCN(S(C)(=O)=O)CC2)nc1N,0.2882300615310669
O=C(O)C1=CO[C@@H](O[C@@H]2O[C@H](CO)[C@@H](O)[C@H](O)[C@H]2O)[C@@H]2C(CO)=CC[C@H]12,4.3321806925790805e-32
CC(C)C[C@H](NC(=O)CNC(=O)c1cc(Cl)ccc1Cl)B1OC(=O)CC(CC(=O)O)(C(=O)O)O1,7.291216596573165e-17
CN(C)c1nc(Cc2ccc(NC(=O)c3ccc4ccccc4c3)cc2)nc(Cl)c1CC(=O)O,0.18935459852218628
C#Cc1cccc(Nc2ncnc3cc(OC)c(OCCCCCCC(=O)NO)cc23)c1,0.0012621916830539703
c1cc(-c2cnn3cc(-c4ccc(OCCN5CCCCC5)cc4)cnc23)ccn1,0.651587963104248
Cc1ccc(NC(=O)c2ccc(CN3CC[C@H](N(C)C)C3)c(C(F)(F)F)c2)cc1Nc1ncc(-c2cncnc2)cn1,1.0
S=C(NCc1ccc2c(c1)OCO2)N1CCN(c2ncnc3c2oc2ccccc23)CC1,0.9547917246818542
N#Cc1ccc(COC[C@H]2O[C@@H](n3c(NCc4ccc(Cl)c(Cl)c4)nc4c(N)ncnc43)[C@H](O)[C@@H]2O)cc1,0.00010489388660062104
CC=C1NC(=O)[C@H]2CSSCCC=C[C@H](CC(=O)N[C@H](C(C)C)C(=O)N2)OC(=O)[C@H](C(C)C)NC1=O,5.4303492258434005e-11
Cn1c(Nc2ccc(C(F)(F)F)cc2)nc2cc(Oc3ccnc(-c4nc(C(F)(F)F)c[nH]4)c3)ccc21,0.993313729763031
N=C(N)c1ccc(OCCCCCOc2ccc(C(=N)N)cc2)cc1.O=[SH](=O)OCCO.O=[SH](=O)OCCO,1.0
COc1cc(F)c(F)c(Nc2ccc(I)cc2F)c1NS(=O)(=O)C1(C[C@H](O)CO)CC1,0.008217478170990944
CCc1ccc(C=C2SC(=S)NC2=O)cc1,2.3978365880414865e-19
CC(C)n1cnc2c(NCCc3ccc(O)cc3)nc(-c3csc4ccccc34)nc21,0.7089572548866272
NC(=O)c1cccc(-c2cc(Nc3ccc(OC(F)(F)F)cc3)ncn2)c1,0.9999990463256836
CN(C)CCCNc1c2c(=O)n(C)c(=O)nc-2n(C)c2ccccc12,0.9632341861724854
Cc1[nH]c(C=C2C(=O)Nc3ccc(S(=O)(=O)N(C)c4cccc(Cl)c4)cc32)c(C)c1C(=O)N1CCN(C)CC1,0.0003313070337753743
CCCCCCCc1ccc(CCc2cccc(O)c2C(=O)O)cc1,0.13299694657325745
Nc1ncnc2c1c(-c1cnc3[nH]ccc3c1)nn2C1CCCC1,5.971261884951673e-08
COCCOc1nc(-c2ccc(Cl)c(Cl)c2)n(-c2ccc(NC(=O)CCl)cc2)n1,0.0017513709608465433
Cc1c(C)n(Cc2ccc(-c3ccccc3C(=O)O)cc2)c2ccc(C(=O)N[C@@H](C)c3ccc([N+](=O)[O-])cc3)cc12,0.9998747110366821
CC(C)n1nc(-c2cc3cc(O)ccc3[nH]2)c2c(N)ncnc21,0.0037259964738041162
COc1cccc(-c2ccc(NC(=O)C3=C(C(=O)O)CCC3)c(F)c2)c1,1.5505292362549827e-12
Nc1ncnc2ccccc12,6.375346621066355e-14
CCCCc1nc2cc(C=CC(=O)NO)ccc2n1CCN(CC)CC,0.9999455213546753
Cc1ccc2nc(NCCN)c3ncc(C)n3c2c1,0.00016992520249914378
Clc1ccc(C2(c3ccc(-c4cn[nH]c4)cc3)CCNCC2)cc1,1.0
CC(N[C@H]1CCCC[C@@H]1NC(=O)c1ccc(Cl)cc1)c1cccc2ccccc12,0.9999996423721313
CCCCOCCOc1nc(-c2ccc(C(=O)O)c(F)c2)sc1C,1.2031708962467746e-09
Cc1nc(NC(=O)N2CCC[C@H]2C(N)=O)sc1-c1ccnc(C(C)(C)C(F)(F)F)c1,1.7066856372593975e-08
Cc1cc(CS(=O)(=O)c2ccccc2)cc(OCc2ccc(CN3CCC[C@@H]3CO)cc2)c1,0.9999477863311768
Clc1cccc(-c2nnnn2Cc2cccnc2)c1Cl,3.980903215961007e-07
CCOC(=O)[C@@H](N)Cc1ccc(-c2cc(O[C@H](c3ccc(Cl)cc3-n3ccc(C)n3)C(F)(F)F)nc(N)n2)cc1,0.22034624218940735
COc1cc2nccc(Oc3ccc(NC(=O)C4(C(=O)Nc5ccc(F)cc5)CC4)cc3)c2cc1OC,0.4216058850288391
NC(=O)Nc1sc(-c2ccc(F)cc2)cc1C(N)=O,8.104830584443334e-08
COc1ccc2c(c1)c(C1=C(c3c[nH]c4ccccc34)C(=O)NC1=O)cn2CCCN(C)C,0.9999986886978149
CCOC(=O)CN[C@@H](C(=O)N1CC[C@H]1C(=O)N(C)c1ccc(C(=N)NO)cc1)C1CCCCC1,1.236860752706903e-10
CN1C[C@H]2c3ccccc3Oc3ccc(Cl)cc3[C@@H]2C1,1.0
CCN(CC)CCCC(C)Nc1nc(C)cc(Nc2ccc3nc(C)cc(N)c3c2)n1,0.9999727010726929
CNC(=O)c1ccc2c(C(=Nc3cccc(CN(C)C)c3)c3ccccc3)c(O)[nH]c2c1,0.9997554421424866
O=C1NC(=O)C(=Cc2cccc(C(F)(F)F)c2)S1,9.491162231796236e-25
Cn1cc(-c2ccc3nnc(C(F)(F)c4ccc5ncccc5c4)n3n2)cn1,2.6894818802247755e-05
C=CC(=O)Nc1cccc(Nc2nc(NC3CCC(N(C)C)CC3)nc3c2ncn3C(C)C)c1,0.9998881816864014
CC(C)c1cnn2c(NCc3ccccc3)cc(NCCCCCCN)nc12,0.8871065378189087
CNC(=O)c1c(F)cccc1Nc1nc(Nc2cc3c(cc2OC)CCN3C(=O)CN(C)C)nc2[nH]ccc12,0.13918691873550415
COc1cc2ncnc(Nc3cccc(Br)c3)c2cc1OC,7.198822800091875e-07
COc1ccc2cc(-c3nc(-c4ccc(S(C)=O)cc4)[nH]c3-c3ccncc3)ccc2c1,0.9709936380386353
Cc1c(NC(=O)c2ccc(C(C)(C)C)cc2)cccc1-c1cn(C)c(=O)c(Nc2ccc(C(=O)N3CCOCC3)cc2)n1,0.11139923334121704
CC1(C)CNc2cc(NC(=O)c3cccnc3NCc3ccncc3)ccc21,1.5836649254197255e-06
CCC=CC[C@H]1C(=O)CC[C@@H]1CC(=O)OC,2.0093086916528335e-10
O=C(O)c1ccc2cc(-c3ccc(O)c(C45CC6CC(CC(C6)C4)C5)c3)ccc2c1,0.004025273956358433
CCn1c(C(=O)N(C2CC2)C2CC2)cc2c3c(ncn3C)c(Nc3cc(C)n(C)n3)nc21,0.0004718292329926044
C[C@@H](Oc1ccc2[nH]nc(C=Cc3cnn(CCO)c3)c2c1)c1c(Cl)cncc1Cl,0.0012790460605174303
NC1=N[C@@]2(c3cc(NC(=O)c4ccc(F)cn4)ccc3F)COC[C@H]2CS1,0.9996161460876465
CC(C)C[C@@H](C(=O)N[C@H](C(=O)OC1CCCC1)c1ccccc1)[C@H](O)C(=O)NO,2.0181195243044146e-14
Oc1ccc([C@@H]2Oc3ccc(O)cc3[C@@H]3CCC[C@@H]32)cc1,0.7859980463981628
O=C1C(Cl)=C(NCCN2CCOCC2)C(=O)c2ncccc21,2.622577710553742e-10
COc1ccc2c(c1)CC[C@@H]1[C@@H]2CC[C@]2(C)[C@@H](NCCCCCCN3C(=O)C=CC3=O)CC[C@@H]12,1.0
Cn1c(=O)n(-c2ccc(C(C)(C)C#N)cc2)c2c3cc(-c4cnc5ccccc5c4)ccc3ncc21,0.9999181032180786
CCOc1cc(N2CCC(O)CC2)ccc1Nc1ncc2c(n1)N(C)c1ccccc1C(=O)N2C,0.024078475311398506
N#Cc1c(C2CCNCC2)cc(-c2c(O)cccc2OCC2CC2)nc1N,0.9925463795661926
OC(CCN1CCCCC1)(c1ccccc1)C1CC2C=CC1C2,0.012397607788443565
c1cc(-c2sc(-c3ccncc3)c(-c3ccncc3)c2-c2ccncc2)ccn1,0.4245951771736145
CC1=C[C@H]2[C@@H]3C[C@@H](C)[C@](O)(C(=O)CO)[C@@]3(C)C[C@H](O)[C@@H]2[C@@]2(C)Cc3cnn(-c4ccccc4)c3C=C12,0.426661878824234
NS(=O)(=O)c1ccc(Nc2nc(OCC3CCCCC3)c3nc[nH]c3n2)cc1,0.9611160159111023
CC(C)C[C@@H](C=O)NC(=O)[C@H](CC(C)C)NC(=O)[C@H](CC(C)C)NC(=O)OCc1ccccc1,0.7989133596420288
O=C(NC1CCNCC1)c1n[nH]cc1NC(=O)c1c(Cl)cccc1Cl,0.1688554883003235
COc1cc(OC)c(C=CS(=O)(=O)Cc2ccc(OC)c(NCC(=O)O)c2)c(OC)c1,5.144330472717229e-08
C[C@@]12C[C@@]3(O)O[C@@H](O1)[C@]1(COC(=O)c4ccccc4)[C@H]3C[C@]21O[C@@H]1O[C@H](CO)[C@@H](O)[C@H](O)[C@H]1O,2.6932005481013557e-15
Nc1nc(=O)n([C@H]2C[C@H](O)[C@@H](CO)O2)cc1F,3.075212240554125e-32
CCN1CCN(C(=O)NC(C(=O)NC2C(=O)N3C2SC(C)(C)C3C(=O)O)c2ccccc2)C(=O)C1=O,9.953687435079332e-30
O=c1[nH]nc(Sc2ncc([N+](=O)[O-])s2)n1-c1ccc2c(c1)OCCO2,1.0196148938178273e-14
CNC(=O)c1nn(C)c2c1C(C)(C)Cc1cnc(Nc3ccc(N4CCN(C)CC4)cc3)nc1-2,0.999593198299408
NC(=O)c1cnc(-c2ccc(C3(N)CCC3)cc2)c(-c2ccccc2)c1,0.9629305601119995
Cc1cccc(-c2nc(C(C)(C)C)[nH]c2-c2ccc3nccnc3c2)n1,0.1670960634946823
CC1=C(C(=O)Nc2cc3cn[nH]c3cc2F)C(c2ccc(C(F)(F)F)cc2)CC(=O)N1,1.0254224491745845e-07
COc1cc(C)c(Sc2cnc(NC(=O)c3ccc(CNC(C)C(C)C)cc3)s2)cc1C(=O)N1CCN(C(C)=O)CC1,0.2365827113389969
OCCC#Cc1nc(-c2ccc(F)cc2)c(-c2ccncc2)n1CCCc1ccccc1,0.9987910389900208
CC(O)(C#Cc1ccc2c(c1)N(c1nc(N)ncc1Cl)CC2)c1nccs1,7.834911741610995e-08
Cc1ccccc1C(C(=O)NC1CCCC1)N(C(=O)Cn1cnc2ccccc21)c1cccc(F)c1,0.9928485155105591
COc1ccc(C2CC(c3ccccc3)=NN2c2ccc(S(N)(=O)=O)cc2)cc1,0.9999397993087769
CC(NCc1ccc2c(c1)nc(NC(=O)c1ccc(-c3cn[nH]c3)s1)n2CC(C)(C)O)C(C)(C)C,0.9932302236557007
CO[C@@H](C(=O)N1Cc2[nH]nc(NC(=O)c3ccc(N4CCN(C)CC4)cc3)c2C1)c1ccccc1,3.766930092297116e-07
Cc1c(CN2CCN(S(C)(=O)=O)CC2)sc2c(N3CCOCC3)nc(-c3cnc(N)nc3)nc12,0.0009410684579052031
Cc1cc(SCc2sc(-c3ccc(C(F)(F)F)cc3)nc2C)ccc1OCC(=O)O,1.2427431528294619e-08
CNC(=O)c1ccc(N2C(=S)N(c3ccc(C#N)c(C(F)(F)F)c3)C(=O)C2(C)C)cc1F,1.030563012704988e-08
COc1cc(OC)cc(-c2ccc3ncc4ccc(=O)n(-c5ccc(N6CCNCC6)c(C(F)(F)F)c5)c4c3c2)c1,0.9999994039535522
CNCc1ccc(-c2[nH]c3cc(F)cc4c3c2CCNC4=O)cc1,0.9992103576660156
O=C(Nc1cc(C(F)(F)F)cc(C(F)(F)F)c1)c1cc(Cl)ccc1O,0.0003095775318797678
CC(C)c1nn(-c2c(Cl)cccc2Cl)c2[nH]c(Cc3ccc(OCCO)cc3)nc(=O)c12,0.99688321352005
Clc1ccc2ncc(-c3cccc(NC4CNC4)n3)n2c1,0.999966025352478
COc1ccc(-c2cc3c(C)nc(N)nc3n([C@H]3CC[C@H](OCCO)CC3)c2=O)cn1,1.2848009589561116e-07
NS(=O)(=O)c1cccc2c1C(=O)c1cccc(O)c1C2=O,8.062810944071963e-13
OCCNC1CCCc2c1[nH]c1ccc(-c3ccccc3)cc21,0.9999629259109497
CCC[C@H](NC(=O)C(C#N)=Cc1cccc(Br)n1)c1ccccc1,0.013781171292066574
C=C1C(=CC=C2CCC[C@@]3(C)[C@H]2CC[C@@H]3[C@H](C)C=C[C@H](C)C(C)C)C[C@@H](O)C[C@@H]1O,1.0
O=C(Nc1cccc(Nc2ncc(Br)c(NCCc3c[nH]cn3)n2)c1)N1CCCC1,0.9922133088111877
CNC(=O)[C@H](Cc1ccccc1)NC(=O)[C@H](CC(C)C)[C@H](CSc1cccs1)C(=O)NO,0.06420572847127914
N=c1c2c(-c3ccccc3)c(-c3ccccc3)n(Cc3ccccc3)c2ncn1C1CCC(O)CC1,0.9999964237213135
Cc1cn2cc(C(=O)N(C)CCO)cc(N[C@@H]3CCOc4cccc(C)c43)c2n1,4.143401747569442e-05
CC=C(C)C(=O)O[C@H]1C(C)=C[C@]23C(=O)[C@@H](C=C(CO)[C@@H](O)[C@]12O)[C@H]1[C@@H](C[C@H]3C)C1(C)C,2.2961671626575697e-12
COc1cc2ncnc(-n3nc(-c4ccccn4)nc3N)c2cc1OC,2.4196967274292547e-07
CN(C)Cc1cccc(N=C(c2ccccc2)c2c(O)[nH]c3cc(C(=O)N(C)C)ccc23)c1,0.7323925495147705
Cc1nc(Nc2n[nH]c3c2CN(C(=O)N[C@H](CN(C)C)c2ccccc2)C3(C)C)c2sccc2n1,0.9046560525894165
C=CC(=O)Nc1cc(NC(=O)c2ccc(C)c(NC(=O)c3ccno3)c2)cc(C(F)(F)F)c1,0.2870078980922699
CNC(=O)c1ccc(Nc2cc(Nc3ccccc3S(=O)(=O)C(C)C)c3cc[nH]c3n2)nc1,8.178340976883192e-06
COc1cc2c(Nc3ccc(Cl)c(Cl)c3F)ncnc2cc1OCC1C[C@@H]2CN(C)C[C@@H]2C1,1.0
COc1ccc(-c2cc3nccn3c(Nc3ncccc3C(N)=O)n2)cc1OC,0.5503553748130798
CC(C)c1ccccc1Cc1cc(C(=O)Nc2ccc(S(=O)(=O)c3ccccc3C(C)(C)C)cc2)c(O)c(O)c1O,0.9569931030273438
Cc1cc(Nc2nc(N[C@@H](C)c3ccc(F)cc3)c(C#N)cc2F)n[nH]1,0.07984358072280884
CC(C)C(=O)Nc1ncc(-c2cc(C(F)F)nn2-c2c(Cl)cccc2Cl)s1,1.7129743355326355e-05
O=S(=O)(O)c1ccc2cc(N=Nc3cc(S(=O)(=O)O)c4cccnc4c3O)ccc2c1,2.809236784168112e-12
O=C(NOC[C@H](O)CO)c1ccc(F)c(F)c1Nc1ccc(I)cc1F,0.9970634579658508
CC(C)(CO)[C@@H](O)C(=O)NCCC(=O)O,1.5131648213810994e-38
N=C1SC(=Cc2ccc(-c3ccc4c(c3)C(=O)NC4=O)o2)C(=O)N1c1ccc(Br)cc1,0.5754758715629578
CC(C)(C)c1nc(-c2cccc(NS(=O)(=O)c3c(F)cccc3F)c2F)c(-c2ccnc(N)n2)s1,2.2438576604416616e-12
OCc1ccc(-c2ccc(-c3ccc(CO)s3)o2)s1,6.551665676993168e-14
CN(C)c1nc(Cc2ccc(NC(=O)c3ccc(C(F)(F)F)cc3)cc2)nc(N(C)C)c1CC(=O)O,0.9974774718284607
C=CCn1c(=O)c2cnc(Nc3ccc(N4CCN(C)CC4)cc3)nc2n1-c1cccc(C(C)(C)O)n1,0.0007422846392728388
O=C1NCCc2[nH]c(-c3ccncc3)cc21,1.3068501836244195e-08
CC1=C(CO)C(=O)O[C@@H]([C@@H](C)[C@H]2CC[C@H]3[C@@H]4C[C@H]5O[C@]56[C@@H](O)C=CC(=O)[C@]6(C)[C@H]4CC[C@@]32C)C1,2.0322018373652995e-11
Cn1cncc1[C@@](N)(c1ccc(Cl)cc1)c1ccc2c(c1)c(-c1cccc(Cl)c1)cc(=O)n2C,1.0
Cc1c[nH]c(-c2cnc(NCCNc3ccc(C#N)cn3)nc2-c2ccc(Cl)cc2Cl)n1,1.0
O=C(Nc1ccc(F)c(C(F)(F)F)c1)Nc1nnc(-c2ccncc2)s1,6.578567024462245e-09
CN(C)Cc1ccc(-c2nc3cccc4c3n2CCNC4=O)cc1,0.26495233178138733
COc1cc(Oc2ccnc3cc(OC)c(OC)cc23)ccc1NC(=O)NC(C)c1nccs1,1.2218331448821118e-06
C=CC1(C)CC(=O)C2(O)C(C)(O1)C(OC(C)=O)C(O)C1C(C)(C)CCC(O)C12C,1.641182480189284e-18
CCn1cc(-c2ccnc3[nH]c(-c4cccc(CN(C)C)c4)cc23)c(-c2ccc(NC(=O)N(C)C)cc2)n1,0.9333924651145935
CCOc1ccn(-c2ccc(F)cc2)c(=O)c1C(=O)Nc1ccc(Oc2ccnc(N)c2Cl)c(F)c1,8.344628099621332e-08
O=C(NC1CC1)c1cccc(-c2ccc3c(NC(=O)C4CC4)n[nH]c3c2)c1,0.7717523574829102
NS(=O)(=O)c1ccc(NC2=CC(=O)c3ccccc3C2=O)cc1,0.4293742775917053
N#Cc1c(NC(=O)c2cccc3ccccc23)sc2c1CCCC2,9.884040252927662e-09
CNC(=O)CN1CCC(Oc2cc3c(Nc4cccc(Cl)c4F)ncnc3cc2OC)CC1,4.776696187036578e-06
c1ccc2c(Cc3c[nH]c4ccccc34)c[nH]c2c1,0.9431808590888977
CC(C)(O)c1cc2nc(-c3cnc(N)nc3)nc(N3CCOCC3)c2s1,4.568993447473524e-11
O=C(Nc1cc(Cl)cc2c1[nH]c1cnccc12)c1cccnc1,3.2252299320134625e-07
c1cncc(CN2CCC(n3ncc4c(N5CCOCC5)nc(-c5ccc6[nH]ccc6c5)nc43)CC2)c1,0.0036064067389816046
Cc1cc(Nc2ncnc3ccc(-c4ccc(CNCCS(C)(=O)=O)o4)cc23)ccc1Oc1ccn2ncnc2c1,0.9732460379600525
CCc1ccc(C(=O)Nc2cc(CN3CCN(C)CC3)cc(C(F)(F)F)c2)cc1C#Cc1cnc2ccnn2c1,1.0
CC(C)(C)C(=O)Oc1ccc2c(c1)nc(NC(=O)c1cccc([N+](=O)[O-])c1)n2CCCO,0.8460450172424316
Clc1cc(Cl)cc(CNc2ncncc2-c2ccc3c(c2)OCO3)c1,0.9949297308921814
COc1ccccc1[C@H](c1cccc2ccccc12)[C@@](C)(C#N)C(=O)N1CCC(c2cccc(C(F)(F)F)c2)CC1,0.004788076970726252
C=CC(=O)Nc1cccc(Sc2nc(Nc3ccc(N4CCN(C)CC4)cc3)ncc2Cl)c1,0.9999994039535522
NC1(c2ccc(-c3nc4ccn5c(=O)[nH]nc5c4cc3-c3ccccc3)cc2)CCC1,0.9995995163917542
COc1cc2c(Oc3ccc(NC(=O)C4(C(=O)Nc5ccc(F)cc5)CC4)cc3F)ccnc2cc1OCCCN1CCOCC1,0.0011580068385228515
CC(=O)Nc1ccc([C@H](C)C(=O)Nc2ncc(C(C)C)s2)cc1,1.1002777000612696e-06
Cc1nc2cnc3ccc(C#Cc4cccnc4)cc3c2n1-c1ccc(C(C)(C)C#N)cc1,0.012201337143778801
Cc1[nH]c(C=C2C(=O)Nc3ccc(S(=O)(=O)Cc4c(Cl)cccc4Cl)cc32)c(C)c1C(=O)N1CCC[C@@H]1CN1CCCC1,4.589418676914647e-05
CC(C)C[C@H](CC(=O)O)C(=O)N[C@@H](Cc1c[nH]c2ccccc12)C(=O)N[C@@H](C)c1ccccc1,8.928576562539092e-07
O=c1ncn2nc(Sc3ccc(F)cc3F)ccc2c1-c1c(Cl)cccc1Cl,0.013698533177375793
COC1=C[C@@H]2[C@@H]3Cc4ccc(OC)c(O)c4[C@]2(CCN3C)CC1=O,0.7444561719894409
CCn1c(-c2nonc2N)nc2cncc(CNC3CCNCC3)c21,3.295054185059598e-08
C=CCc1ccc(O)c(-c2ccc(O)c(CC=C)c2)c1,0.025532443076372147
Cc1c(C(=O)Nc2cccc(C(F)(F)F)c2)cc(-c2ccccc2)n1CCCN1CCOCC1,0.9999978542327881
CC(Oc1ccc(O)cc1)(P(=O)(O)O)P(=O)(O)O,0.0
COC[C@H](NC(=O)c1cnc(C)s1)C(=O)N[C@@H](COC)C(=O)N[C@@H](Cc1ccccc1)C(=O)[C@@]1(C)CO1,7.355950917831144e-12
COc1ccc(CC2SC(=O)NC2=O)cc1C(=O)NCc1ccc(C(F)(F)F)cc1,0.999901533126831
O=C(c1ccc(Nc2nccc(-c3cc4ccccc4s3)n2)cc1)N1CCC(N2CCCC2)CC1,0.9999812841415405
COc1ccc(COc2cc3oc(=O)c4cc(C(C)O)ccc4c3cc2OC)cc1,0.9269624352455139
CCCCCCCCc1ccc(CCC(N)(CO)CO)cc1,1.0
C[C@H](NC(=O)[C@@H](O)c1cc(F)cc(F)c1)C(=O)N[C@@H]1C(=O)N(C)c2ccccc2-c2ccccc21,6.30682916380465e-05
CN(C)c1ccc(C(=O)NCCCCCCC(=O)NO)cc1,3.5843365665444003e-22
O=S(=O)(F)Cc1ccccc1,2.0751398504409244e-33
CCCCC(F)(F)[C@@]1(O)CC[C@H]2[C@@H](CC(=O)[C@@H]2CCCCCCC(=O)O)O1,6.780689291302489e-13
Cc1c(CN2CCN(C(=O)[C@H](C)O)CC2)sc2c(N3CCOCC3)nc(-c3cnc(N)nc3)nc12,1.6734919006111681e-10
NC(=O)c1ccc2[nH]ccc2c1,4.6894681470259145e-14
CN1CCN(c2ccc([N+](=O)[O-])c3no[n+]([O-])c23)CC1,0.9124132394790649
COc1cc(Nc2c(C#N)cnc3cc(OCCCN4CCN(C)CC4)c(OC)cc23)c(Cl)cc1Cl,1.0
O=C(N[C@@H](COc1ccc2[nH]c(=O)[nH]c2c1)c1ccccc1)c1cccn(Cc2ccc(F)c(F)c2)c1=O,3.4158492780989036e-06
COc1c(Cl)cc2c([nH]c3cnccc32)c1NC(=O)c1cccnc1C,2.1067758098070044e-06
COc1cc(O)c2c(c1)C(=O)c1cc(C)cc(O)c1C2=O,1.4736587601246742e-12
NC(=O)c1ccc(-c2nc(-c3ccccn3)c(-c3ccc4c(c3)OCCO4)[nH]2)cc1,0.0023653304670006037
CN(C)c1ccccc1CN1CCCN(Cc2ccccc2N(C)C)C1c1ccncc1,0.009218842722475529
Fc1cc(-c2cccc3ncc(-c4cnn(C5CCNCC5)c4)nc23)cc(F)c1CN1CCOCC1,0.9999980926513672
C[C@]12CC[C@@H]3c4ccc(O)cc4CC[C@H]3[C@@H]1[C@@H](O)[C@@H](O)[C@@H]2O,9.052893851224653e-12
CN(C)CCOc1cc(-c2cn[nH]c2)ccc1NC(=O)C1COc2ccccc2O1,3.238524732296355e-05
CN1CCN(c2cccc(Nc3nc4c(-c5ccc(S(C)(=O)=O)cc5)cccn4n3)c2)CC1,0.9496435523033142
NC(=O)c1ccc(I)c([N+](=O)[O-])c1,2.954562994261778e-08
CC12C(=O)OC(=O)C1(C)C1CCC2O1,6.038305561914108e-28
Clc1ccc(-c2nc3sccn3c2C=NOCc2ccc(Cl)c(Cl)c2)cc1,0.9999986886978149
CCC(=O)NCC[C@@H]1CCc2ccc3c(c21)CCO3,0.43383359909057617
CC(C)(C)c1cc(C=C(C#N)C#N)cc(Br)c1O,6.990023905960105e-24
Cc1cc(-c2ccc(CC(=O)Nc3ccc(-c4cccnc4)cc3)cc2)ccn1,0.3533436357975006
CNC(=O)c1ccc(-c2cnc3ncc(Cc4ccc5ncccc5c4)n3n2)cc1F,0.0002482402778696269
NC(=O)Nc1cc(-c2ccc(CN3CCOCC3)cc2)sc1C(N)=O,1.0560832208739157e-08
C[C@H]1C[C@H](C)C(=O)[C@H]([C@H](O)CC2CC(=O)NC(=O)C2)C1,8.818701644486282e-06
C[C@@]1(c2cc(-c3cncnc3)c(F)cc2F)CCSC(N)=N1,0.0024541974999010563
Cc1cc(Nc2ncc3c(n2)N(C)C(=O)N(c2cc(NC(=O)c4cccc(C(F)(F)F)c4)ccc2C)C3)n(C)n1,0.9999927282333374
O=C(NCCCCN1CCOCC1)c1cc2ccccc2o1,0.006874301470816135
C=C1C(=O)[C@@]23C(CC[C@@H]1[C@H]2O)[C@@]12CO[C@]3(O)[C@@H](O)[C@@H]1C(C)(C)CC[C@@H]2O,9.71236862727265e-21
Cn1c(CNc2ccc(C(=N)N)cc2)nc2cc(C(=O)N(CCC(=O)O)c3ccccn3)ccc21,5.952976422918255e-08
COc1cc2ncn(-c3cc(OCc4ccccc4S(C)(=O)=O)c(C#N)s3)c2cc1OC,0.9982232451438904
FC(F)c1nc2ccccc2n1-c1nc(N2CCOCC2)nc(N2CCOCC2)n1,0.3171800673007965
CN(C)C(=O)[C@H](O)[C@H](Cc1ccccc1)NC(=O)c1cc2cc(Cl)ccc2[nH]1,0.9836971163749695
CN(C)Cc1c(C(=O)NCCOc2ccc(C(=O)NO)cc2)oc2ccccc12,0.19855454564094543
CN1CCc2c(n(Cc3ccc(C(=O)NO)cc3)c3ccccc23)C1,0.774498701095581
O=C(Nc1ncc(-c2cc(C(F)F)nn2-c2c(Cl)cccc2Cl)s1)C1CC1,0.012487271800637245
Nc1nc(NCCNc2ncc(-n3ccnc3)c(-c3ccc(Cl)cc3Cl)n2)ccc1[N+](=O)[O-],0.9978579878807068
CC(C)N(CCCNC(=O)Nc1ccc(C(C)(C)C)cc1)C[C@H]1O[C@@H](n2cc(Br)c3c(N)ncnc32)[C@H](O)[C@@H]1O,0.008730920031666756
Cc1ccc(C(=O)Nc2cccc(C(F)(F)F)c2)cc1-c1ccc2nc(NCCN3CCOCC3)ncc2c1,0.9990422129631042
O=C(NC1CCOCC1)c1ccc(-c2cc(-c3c[nH]nc3-c3ccccn3)ccn2)cc1,0.05099691450595856
O=C(O)CNC(=O)c1c(O)c2ccccc2n(Cc2ccccc2)c1=O,1.2371961750943323e-17
CC(C)n1nc(-c2ccc3oc(N)nc3c2)c2c(N)ncnc21,2.988120286318008e-05
CCN1CCN(C(=O)Cc2ccc(Nc3ncc(F)c(Nc4ccc(C(=O)Nc5ccccc5Cl)cc4)n3)cc2)CC1,0.9999896287918091
Nc1cccc(-c2cc3c(Oc4cccc(O)c4)ncnc3[nH]2)c1,0.11925306916236877
CCNC(=O)Nc1ccc(Oc2ncnc(N)c2C=NOC)cc1Cl,1.1613731487614132e-07
N#CC(c1ccnc(NCCc2cccnc2)n1)c1nc2ccccc2s1,0.005801008082926273
O=[N+]([O-])c1ccc(Nc2ccccc2-c2ccccc2)c2nonc12,3.953910834297858e-07
Cc1cc(Nc2cc(NC(=O)c3c(Cl)cccc3Cl)ccn2)nc(N)n1,0.9849336743354797
Cc1cc(C(=O)NOCCO)c(Nc2ccc(I)cc2F)n(C)c1=O,0.0009326239814981818
c1ccc(CNc2nc(N3CCOc4ccccc43)nc3c2CCCC3)cc1,0.9999649524688721
O=C1NC(=O)[C@@H](c2cn3c4c(cccc24)CCC3)[C@@H]1c1c[nH]c2ccccc12,0.020691994577646255
Cc1cc(N2CCOCC2)cc2[nH]c(-c3c(NC[C@@H](O)c4cccc(Cl)c4)cc[nH]c3=O)nc12,0.9993231296539307
O=C(CO)N1CCC(c2[nH]nc(-c3ccc(Cl)cc3)c2-c2ccncn2)CC1,9.316064506492694e-07
CNC(=O)c1cc(Oc2ccc(NC(=O)Nc3ccc(Cl)c(C(F)(F)F)c3)c(F)c2)ccn1,1.4148509990263847e-06
CCNC(=O)C[C@@H]1N=C(c2ccc(Cl)cc2)c2cc(OC)ccc2-n2c(C)nnc21,0.9190060496330261
CCNC(=O)C[C@H]1N=C(c2ccc(Cl)cc2)c2cc(OC)ccc2-n2c(C)nnc21,0.2184288054704666
CNC(=O)c1cc(COc2nnc(Nc3ccc(Cl)cc3)c3ccoc23)ccn1,0.012363442219793797
Cc1cnc(Nc2cccc(CN3CCOCC3)c2)nc1Nc1cccc(S(=O)(=O)NC(C)(C)C)c1,0.018513528630137444
COc1c(C)cnc(Cn2cnc3c(Cl)nc(N)nc32)c1C,7.590671884827316e-06
NC1(Cc2ccc(Cl)cc2)CCN(c2ncnc3[nH]ccc23)CC1,0.9696851968765259
COc1nccc(-c2c(-c3ccc(F)cc3)ncn2C2CCC(O)CC2)n1,0.07187644392251968
COc1ccc(-c2nc(N3CCOCC3)c3sc(CN(C)c4ncc(C(=O)NO)cn4)cc3n2)cn1,0.9391905665397644
CCN1CCC(n2cc(CNc3cc(Cl)c4ncc(C#N)c(Nc5ccc(F)c(Cl)c5)c4c3)nn2)CC1,1.0
C=CC(=O)Nc1cccc(Oc2nc(Nc3ccc(N4CCN(C)CC4)cc3OC)ncc2Cl)c1,0.9999998807907104
c1cc2c(cc1[C@H]1OC[C@@H]3[C@@H](c4ccc5c(c4)OCO5)OC[C@H]13)OCO2,0.026217978447675705
OCCCNc1cc(-c2ccnc(Nc3cccc(Cl)c3)n2)ccn1,0.5804811716079712
CC1=C2C[C@H]3[C@@H](CC=C4C[C@@H](O)CC[C@@]43C)[C@@H]2CC[C@]12O[C@@H]1C[C@H](C)CN[C@H]1[C@H]2C,0.9998573064804077
CC(=O)OC1C(C)OC(Oc2c(-c3ccc(O)cc3)oc3cc(O)cc(O)c3c2=O)C(O)C1OC(C)=O,9.043434445743515e-09
Cc1cc(Nc2cc(N3CCN(C)CC3)nc(Sc3ccc(NC(=O)C4CC4)cc3)n2)n[nH]1,0.0002752730797510594
CC(C)(C)c1cc(C(=O)O)c(NC(=O)Nc2ccc3[nH]ncc3c2)s1,1.9139489992880954e-10
CC(C)c1cnn2c(NCc3ccccc3)cc(N[C@@H](CO)[C@H](O)CO)nc12,6.125525087163908e-10
CN1[C@H]2CC(OC(=O)[C@@H](CO)c3ccccc3)C[C@@H]1[C@@H]1O[C@@H]12,0.00027184654027223587
CCS(=O)(=O)c1cccc(-c2cc(C(=O)NC3CCN(C)CC3)c(C)c3[nH]c4ncc(C)cc4c23)c1,0.9763609170913696
Cc1ccc(C2=Nc3ccc(Cl)cc3OC2)cc1,1.6381531509068736e-07
Oc1ccc(C2=Cc3ccc(O)cc3OC2)cc1,1.91158178695916e-13
CC(C)[C@@]12C[C@@H](OC(=O)CO)[C@@](C)(O1)[C@@H]1CC[C@@H](C)[C@H]1[C@@H]2OC(=O)C=Cc1ccccc1,0.0020829441491514444
Cc1c(Cn2c(C)nc3c(C(=O)O)cc(N4CCOCC4)cc32)cccc1C(F)(F)F,0.00015457533299922943
Cc1ccccc1C(=O)Nc1ccc(C(=O)N2CCCC(O)c3cc(Cl)ccc32)c(C)c1,2.0244731331331423e-06
CN(C)C1CCN(C(=O)c2ccc(NC(=O)Nc3nc(N4CCOCC4)nc(N4CCOCC4)n3)cc2)CC1,1.7076102309943053e-08
Cc1cnc(-c2cc(N3CCN(C(=O)CCS(C)(=O)=O)CC3)ncc2Cl)c(C)c1,3.7819077078893315e-06
Clc1cccc(-n2nnnc2NCc2ccccc2Oc2ccccn2)c1Cl,0.9800904393196106
O=C1[C@H](Cc2ccc(O)cc2)N2C(=O)CCN(C(=O)NCc3ccccc3)[C@H]2CN1Cc1cccc2ccccc12,4.114030005553104e-09
COc1cc(C(=O)NC2CCN(C)CC2)ccc1Nc1ncc2c(n1)N(C1CCCC1)CCC(=O)N2C(C)C,0.0003681813832372427
COc1ccc2c(Oc3ccc(NC(=O)c4c(C)n(CC(C)(C)O)n(-c5ccccc5)c4=O)cc3F)ccnc2c1,0.00019628912559710443
CNC1CCC(N(Cc2cccc(-c3ccncc3)c2)C(=O)c2sc3c(F)ccc(F)c3c2Cl)CC1,0.9999642372131348
CC1CCN(c2cc(N3CCN(C)CC3)ccc2NC(=O)c2cc(C#N)c[nH]2)CC1,0.6398502588272095
C[C@H]1CN(CC(=O)Nc2ccc3c(c2)Cc2cccc(-c4cc(=O)cc(N5CCOCC5)o4)c2S3)C[C@@H](C)O1,0.0005507842870429158
CN(C)c1ccc(Nc2nc(N)n(C(=O)c3c(F)cccc3F)n2)cc1,7.978300686772855e-07
CCOC(=O)C(C)Oc1cccc2c(=O)n(CC(=O)Nc3ccc4c(c3)OCCO4)ccc12,2.0674581264756853e-06
COc1cc(O)c2c(c1)C1OC1C[C@H](O)[C@H](O)C(=O)C=CC[C@H](C)OC2=O,3.47219531123761e-19
O=C(Nc1cccc(Br)c1)c1cccc(S(=O)(=O)N2CCCCCC2)c1,0.9992297887802124
CCC[C@@H](C=O)NC(=O)[C@H](CC(C)C)NC(=O)[C@H](CC(C)C)NC(=O)OCc1ccccc1,0.6684964299201965
O=C(Nc1nnc(-c2ccco2)o1)c1cc(-c2ccccc2)nc2ccccc12,1.869714907343223e-07
O=C(C=CC#Cc1cccc(NS(=O)(=O)c2ccccc2)c1)NO,4.980217627181815e-13
CCS(=O)(=O)Nc1ccc2[nH]c(O)c(C(=Nc3ccc(CN4CCCCC4)cc3)c3ccccc3)c2c1,0.9999845027923584
CC(=O)Oc1cc2c(s1)CCN(C(C(=O)C1CC1)c1ccccc1F)C2,1.7489456993757813e-08
OC(CN1CCN(c2cccc(Cl)c2)CC1)C(c1ccccc1)c1ccccc1,0.9999971389770508
Cc1cnc(Nc2ccc(N3CCN(C)CC3)cc2)nc1Nc1cccc(S(=O)(=O)NC(C)(C)C)c1,0.16211095452308655
COc1ccc(Nc2cc(-c3cnc(N)nc3)nc(N3CCOCC3)n2)cn1,0.00015292981697712094
C=CC(=O)N1CCC[C@@H](n2nc(-c3ccc(Oc4ccccc4)cc3)c3c(N)ncnc32)C1,0.11804433166980743
CS(=O)(=O)N(Cc1ccco1)CC(O)Cn1c2ccccc2c2ccccc21,0.000562623084988445
NC(=O)c1cccc2cn(-c3ccc([C@@H]4CCCNC4)cc3)nc12,0.06528393924236298
CC(C)[C@H](CS(=O)(=O)c1ccc(-c2ccc(Br)cc2)cc1)C(=O)O,0.34284573793411255
O=C(O)C(=O)Nc1cccc(-c2nn[nH]n2)c1,3.7652601068924184e-38
CCN(CC)CCNC(=O)c1ccc2nc(-c3ccccc3)c(-c3ccc(CN4CCC(n5c(=O)[nH]c6ccccc65)CC4)cc3)nc2c1,0.9999998807907104
c1cc(N[C@@H]2CCNC2)nc(-c2cnc3ccc(-c4cn[nH]c4)cn23)c1,4.94746655022027e-06
CCNc1cc(NC2CCC(O)CC2)nc(Nc2ccc3c(ccn3Cc3ccccc3)c2)n1,0.9251049160957336
COc1ccc2cccc(CCNC(C)=O)c2c1,2.718390963718509e-11
Cc1nccn1CC1CCC2C(C1=O)c1ccccc1N2C,0.13512176275253296
CCn1c(=O)n([C@@H]2CCN(CC3CCCCCCC3)C[C@H]2CO)c2ccccc21,0.99869304895401
CS(=O)(=O)N1CCc2c(-c3cnc(N)nc3)nc(N3CCOCC3)nc21,2.24263219106291e-10
CNc1nc(Nc2ccc(C(=O)N3CCOCC3)cc2OC)ncc1Cl,0.17772097885608673
c1ccc2c(-c3cnn4cc(-c5ccc(N6CCNCC6)cc5)cnc34)ccnc2c1,0.9925805330276489
CC(C)CC(=O)Nc1n[nH]c2c1CN(C(=O)C1CCN(C)CC1)C2(C)C,2.1140947099754313e-15
Cc1cc2c(cc1C1(c3ccc(C(=O)O)cn3)CC1)C(C)(C)CCC2(C)C,4.616304151547519e-15
OCCn1cc(-c2ccc3c(c2)CCC3=NO)c(-c2ccncc2)n1,8.362185610621964e-08
O=C(NC[C@H](O)CO)c1ccncc1Nc1ccc(I)cc1F,0.11501534283161163
CCN(C(=O)c1c(O)c2c(Cl)cccc2n(C)c1=O)c1ccccc1,0.002142006531357765
N#CC[C@H](C1CCCC1)n1cc(-c2ncnc3[nH]ccc23)cn1,0.00019196869106963277
CN1CCN(c2nc(C3=C(c4c[nH]c5ccccc45)C(=O)NC3=O)c3ccccc3n2)CC1,0.9997966885566711
COc1ccc(CCC(=O)Nc2nc3ccc(Cl)cc3s2)cc1OC,0.002044553169980645
CCCCCCCCCCCCCC(=O)N[C@H](CO)[C@H](O)c1ccc([N+](=O)[O-])cc1,1.0
O=C(O)Cc1cccc(OCCCN(Cc2cccc(C(F)(F)F)c2Cl)CC(c2ccccc2)c2ccccc2)c1,0.9999393224716187
C[C@H](NCc1ccc2c(c1)nc(NC(=O)c1ccc(-c3cn[nH]c3)s1)n2CCc1ccccc1)C(C)(C)C,0.9999877214431763
O=C(Nc1ccccc1)Nc1ccc(-c2ccc(C(=O)[C@@H]3CCC[C@H]3C(=O)O)cc2)cc1,0.21578645706176758
Cc1cc2nc3c(=O)[nH]c(=O)nc-3n(C[C@@H](O)[C@@H](O)[C@@H](O)CO)c2cc1C,5.753003716630551e-29
COC(=O)Nc1ccc(-c2nc(N3CCOCC3)c3cnn(C4CCN(C(=O)OC)CC4)c3n2)cc1,5.7838938118948136e-06
CCOc1cc(C=C2C(=O)N(c3ccccc3)N=C2C)cc(Cl)c1OCC(=O)OC,0.0005142897716723382
CS(=O)(=O)c1ccc(-c2cnc(N)c(C(=O)Nc3ccccc3)n2)cc1,0.124372698366642
CNC(=O)Nc1ccc(-c2nc(N3CC4CCC(C3)O4)c3cnn(C4CCC5(CC4)OCCO5)c3n2)cc1,0.4512660503387451
C[C@]12CC[C@H]3[C@@H](CCC4=CC(=O)CC[C@@]43C)[C@@H]1CC[C@@H]2O,1.9420268344838565e-12
COc1cc2c(cc1OC)[C@@H]1C(=O)c3ccc4c(c3O[C@@H]1CO2)C=CC(C)(C)O4,0.47494468092918396
O=C(CC12CC3CC(CC(C3)C1)C2)Nc1cccc2nc(NCCNCCO)ccc12,1.0
Cc1cccc(-c2nc(C(C)(C)C)[nH]c2-c2ccc3c(c2)OCO3)n1,0.666979193687439
Cc1ccc(Nc2nccc(N(C)c3ccc4c(C)n(C)nc4c3)n2)cc1S(N)(=O)=O,6.264001058298163e-06
COc1cc2c(NC3CCN(C(C)C)CC3)nc(C3CCCCC3)nc2cc1OCCCN1CCCC1,0.981185257434845
CC(C)NCC(O)COc1ccc(COCCOC(C)C)cc1,0.00016095215687528253
CCCCCCCCCCCCc1ccc(S(=O)(=O)Nc2nncs2)cc1,0.05484462156891823
COc1cc2c(cc1O)CCC1C2CC[C@@]2(C)C1CC[C@@H]2O,0.0034746392630040646
CC(C)(O)C=CC(=O)[C@@](C)(O)[C@H]1[C@H](O)C[C@]2(C)[C@@H]3CC=C4[C@@H](C=C(O)C(=O)C4(C)C)[C@]3(C)C(=O)C[C@@]12C,5.309904534296639e-13
C[C@H](NC(=O)Cc1cc(F)cc(F)c1)C(=O)N[C@@H]1C(=O)N(C)c2ccccc2-c2ccccc21,0.000482746196212247
CS(=O)(=O)c1cc(F)cc2c3c(n(Cc4ccc(Cl)cc4)c12)[C@@H](CC(=O)O)CC3,1.8320090333645567e-08
CC(C)C[C@H](NC(=O)[C@@H](NC(=O)c1cccc(-c2ccccc2)n1)[C@@H](C)O)B(O)O,3.943165349795663e-09
CC1(COc2ccc3c(c2)ncn3-c2ccc3cccc(N4CCC(N)CC4)c3n2)COC1,1.0
CC(C)c1cc(-c2n[nH]c(=O)n2-c2ccc3c(ccn3C)c2)c(O)cc1O,1.0079936600959627e-06
Cc1ccc([N+](=O)[O-])cc1S(=O)(=O)N(C)N=Cc1cnc2ccc(Br)cn12,0.9145808815956116
Cn1c(=O)c(Oc2ccc(F)cc2F)cc2cnc(NC3CCOCC3)nc21,0.007576323114335537
CN(C1CCc2c(c3ccccc3n2CC(=O)O)C1)S(=O)(=O)c1ccc(F)cc1,0.00013299677812028676
Cc1c[nH]c(C=C2C(=O)Nc3ccccc32)c1CCC(=O)O,7.72432925998448e-14
Cc1cc(C(=O)N2CCN(c3cccc(Cl)c3)CC2)n(-c2ccccc2)n1,0.9913514852523804
Cn1cc(C=C2C(=O)Nc3cccnc32)c2ccccc21,6.475175950981793e-10
Cc1cc(Nc2cc(CN3CCOCC3)c3nc(C)c(Cc4ccc(Cl)cc4F)n3n2)n[nH]1,0.9995531439781189
CCN1CCN(c2ccc(Nc3cc(N(C)C(=O)Nc4c(Cl)c(OC)cc(OC)c4Cl)ncn3)cc2)CC1,1.0
Nc1nccc(-c2ccc3noc(-c4ccc(Cl)cc4)c3c2)n1,0.019125530496239662
Nc1ccc(C(=O)Nc2cccc(-c3nc(N4CCOCC4)c4oc5ncccc5c4n3)c2)cn1,1.9406606099892088e-08
COc1cc2c(N3CCN(C(=O)Nc4ccc(OC(C)C)cc4)CC3)ncnc2cc1OCCCN1CCCCC1,0.9976274371147156
Cn1cc(CNCC2CCN(c3ncc(C(=O)NO)cn3)CC2)c2ccccc21,0.1366652399301529
CNc1nccc(-c2cccnc2Oc2cc(C(=O)Nc3cccc(C(F)(F)F)c3)ccc2C)n1,0.004179222509264946
CC(=O)Nc1ccc(OC[C@](C)(O)C(=O)Nc2ccc([N+](=O)[O-])c(C(F)(F)F)c2)cc1,1.9683136898152043e-08
COc1cc2nccc(Oc3ccc(NC(=O)Nc4ccc(F)cc4F)c(F)c3)c2cc1OC,3.6691467357741203e-06
C#CCN(C)CC1=Cc2ccccc2Oc2ccccc21,1.0
Cn1cc(-c2ccc3nnc(Sc4ccc5ncccc5c4)n3n2)cn1,5.526929608423714e-12
Cn1cc(-c2ccc3ncc(Cc4ccc5ncccc5c4)n3n2)cn1,2.653925321283168e-06
COc1cc(C(=O)N2CCC(N3CCN(C)CC3)CC2)ccc1Nc1ncc2c(n1)N(C)c1ccccc1C(=O)N2C,0.004838672932237387
O=c1cc(-c2cccc3c2Sc2ccccc2S3)oc(N2CCOCC2)c1,0.014286492951214314
CCc1cc(-c2n[nH]c(C)c2-c2ccc3c(c2)OCCO3)c(O)cc1O,0.00013808110088575631
O=C(NCCCNc1nc(Nc2cccc(NC(=O)N3CCCC3)c2)ncc1I)c1cccs1,0.9987952709197998
Cn1cc(C2=C(c3c4n(c5ccccc35)CCC(CN)C4)C(=O)NC2=O)c2ccccc21,0.9997434020042419
CCCCOc1c(C(=O)c2c(F)cc(C)cc2F)cnc2[nH]ncc12,0.007093049120157957
C=CC(=O)Nc1cc2c(Nc3ccc(F)c(Cl)c3)ncnc2cc1OCCCN1CCOCC1,0.9960660338401794
Cc1nn(Cc2ccccc2Cl)c(C)c1CN(C)CC(O)COc1ccc(Cl)cc1,1.0
CCc1cnn2c(NCc3ccc[n+]([O-])c3)cc(N3CCCC[C@H]3CCO)nc12,0.001333798049017787
Cn1cc(-c2[nH]c3cc(NC(=O)[C@H](N)C4CCCCC4)cc4c(=O)[nH]ncc2c34)cn1,7.51864490666776e-07
Nc1ccc(-c2ccc3ncc4ccc(=O)n(-c5cccc(C(F)(F)F)c5)c4c3c2)cn1,0.04374803975224495
COCCOc1ccc2c(c1)ncn2-c1ccc2cccc(N3CCC(N)CC3)c2n1,0.9975433945655823
Cc1c(-c2ccc(O)cc2)n(Cc2ccc(OCCN3CCCCCC3)cc2)c2ccc(O)cc12,0.9999996423721313
O=C(c1cncc(Br)c1)N1CCC(N2CCCC2)CC1,0.11140228062868118
CCOc1cc2ncc(C#N)c(Nc3ccc(OCc4ccccn4)c(Cl)c3)c2cc1NC(=O)C=CCN(C)C,0.9999946355819702
COc1cc(Nc2nc3ccccc3nc2NS(=O)(=O)c2ccc(NC(=O)c3ccc(C)c(OC)c3)cc2)cc(OC)c1,0.970735490322113
CS(=O)(=O)c1ccc(C(=O)Nc2ccc(Cl)c(-c3ccccn3)c2)c(Cl)c1,0.9999998807907104
CNC(=O)c1cc(Oc2ccc(NC(=O)Nc3cc(C(C)(C)C)nn3-c3ccc4ncccc4c3)c(F)c2)ccn1,0.9379107356071472
C[C@H]1COC2=C1C(=O)C(=O)c1c2ccc2c1CCCC2(C)C,1.7725657482301893e-18
CC[C@@H]1C(=O)N(C)c2cnc(Nc3ccc(C(=O)NC4CCN(C)CC4)cc3OC)nc2N1C1CCCC1,0.00014267762890085578
Nc1nc(Nc2ccc(S(N)(=O)=O)cc2)nn1C(=O)c1c(F)cccc1F,0.02632829360663891
O=C1NC(=O)C(=Cc2ccc3nccc(-c4ccncc4)c3c2)S1,8.103199777842462e-10
NS(=O)(=O)OC[C@@H]1C[C@@H](n2ccc3c(N[C@H]4CCc5ccccc54)ncnc32)C[C@@H]1O,1.503572093497496e-07
C[C@]1(c2nc3c(C(N)=O)cccc3[nH]2)CCCN1,4.316027002460032e-08
Cc1cccc(C=NNc2cc(N3CCOCC3)nc(OCCc3ccccn3)n2)c1,0.020087137818336487
CC(C)(N)c1ccc(-c2nc3ccccc3nc2-c2ccccc2)cc1,0.999915361404419
Cc1cc(C(C)Nc2ccccc2)c2nc(N3CCOCC3)cc(=O)n2c1,6.819792361056898e-06
CCOC(=O)[C@H]1O[C@@H]1C(=O)N[C@@H](CC(C)C)C(=O)NCCC(C)C,7.745801327772953e-20
C[C@]12CCC3[C@@H](CC[C@H]4NC(=O)C=C[C@]34C)[C@@H]1CC[C@@H]2C(=O)Nc1cc(C(F)(F)F)ccc1C(F)(F)F,0.509248673915863
FC(F)(F)c1ccc(Nc2nc3cc(Oc4ccnc(-c5nc(C(F)(F)F)c[nH]5)c4)ccc3[nH]2)cc1,0.9884799122810364
O=C(NOCC1CC1)c1ccc(F)c(F)c1Nc1ccc(I)cc1Cl,0.9773151874542236
COc1cccc2c1CCCC2CCCN1CCN(C2CCCCC2)CC1,1.0
OC[C@H]1O[C@@H](OCCc2ccc(O)cc2)[C@H](O)[C@@H](O)[C@@H]1O,2.3769532706345774e-27
COc1cccc2cc(-c3nc(C4CCC(C(=O)O)CC4)n4ncnc(N)c34)[nH]c12,2.2192458981606933e-10
COc1ccc(CCN2CCN(CCCc3ccccc3)CC2)cc1OC,1.0
Cc1cn(-c2cc(NC(=O)c3ccc(C)c(Nc4nccc(-c5cccnc5)n4)c3)cc(C(F)(F)F)c2)cn1,0.9996713399887085
Cc1nc(N)sc1-c1ccnc(Nc2ccc(N3CCOCC3)cc2)n1,0.000487753190100193
C[C@](O)(COc1ccc(C#N)cc1)C(=O)Nc1ccc(C#N)c(C(F)(F)F)c1,0.01958203688263893
Oc1cc(-c2nc(-c3ccccc3)[nH]c2-c2ccncc2)ccc1Cl,0.9997583031654358
CC(C)C(=O)Oc1ccc(CO)cc1[C@H](CCN(C(C)C)C(C)C)c1ccccc1,1.0
CCP(CC)(CC)=[Au]S[C@@H]1O[C@H](COC(C)=O)[C@@H](OC(C)=O)[C@H](OC(C)=O)[C@H]1OC(C)=O,5.046716070736046e-27
Cc1ccc(C(=O)Nc2ccc(CN3CCN(C)CC3)c(C(F)(F)F)c2)cc1C#Cc1cnc2cccnn12,1.0
C1=C2CCCN[C@H]2[C@@H]2C[C@H]1[C@H]1CCCCN1C2,0.00013706210302188993
CCn1nnc2c(N3CCOCC3)nc(-c3ccc(NC(=O)Nc4ccc(C(=O)N5CCN(C)CC5)cc4)cc3)nc21,0.00312904454767704
O=C(Nc1nc2ccc(NC(=O)C3C4CC5CC(C4)CC3C5)cc2s1)c1ccccc1,0.003651013597846031
Cc1c(C(=O)Nc2ccc(N3C[C@H](C)O[C@H](C)C3)nc2)cccc1-c1ccc(OC(F)(F)F)cc1,0.9999988079071045
COc1cc2ncnc(Nc3ccc(F)c(Cl)c3)c2cc1NC(=O)C=CCN1CCCCC1,0.8653125166893005
CC(C)(C)c1nc2c3cc[nH]c(=O)c3c3cc(F)ccc3c2[nH]1,1.0358152735534532e-07
CN(CC(=O)N(Cc1ccc(C2CCCCC2)cc1)c1ccc(C(=O)O)c(O)c1)S(=O)(=O)c1c(F)c(F)c(F)c(F)c1F,6.764123289260127e-11
N#CC(=C(N)Sc1ccc(N)cc1)c1ccccc1C(F)(F)F,0.003571842797100544
O=C1NC(=O)C(=Cc2ccc3nccnc3c2)S1,3.7812280493828604e-20
COc1cc2[nH]c(C)c(CCN3CCN(c4ccccc4)CC3)c2cc1OC,0.9999998807907104
Oc1ccc(-c2ccc(-c3cc(Nc4cccc(CNC5CC5)c4)[nH]n3)cc2)c(O)c1,0.9999998807907104
COc1ccc2c(Oc3ccc(NC(=O)c4c(C)n(CC(C)(C)O)n(-c5ccccc5)c4=O)nc3)ccnc2c1,0.0001921507209772244
COc1cc(C)c(Sc2cnc(NC(=O)c3ccc(CNC(C)C(C)(C)C)cc3)s2)cc1C(=O)N1CCN(C(C)=O)CC1,0.01587405987083912
CCN(CC)CCNC(=O)c1c(C)[nH]c(C=C2C(=O)Nc3ccc(F)cc32)c1C,0.8054810166358948
Cc1ccc(NC(=O)Nc2cc(C(F)(F)F)ccc2F)cc1Nc1ccc2c(c1)NC(=O)C2=Cc1ccc[nH]1,1.0944591849693097e-05
O=C1NC(=O)C(=Cc2ccc(-c3ccc(F)cc3O)o2)S1,3.680244887005978e-21
CC(C)NC[C@@H](C(=O)N1CCN(c2ncnc3c2[C@H](C)C[C@H]3O)CC1)c1ccc(Cl)cc1,0.26632753014564514
CC1(O)CC(c2nc(-c3ccc4ccc(-c5ccccc5)nc4c3)c3c(N)nccn23)C1,0.9980109333992004
Cc1cc(SCc2sc(-c3ccc(C(F)(F)F)c(F)c3)nc2C)ccc1OCC(=O)O,5.744383094197225e-11
CCCCCN(CCC12CC3CC(CC(C3)C1)C2)C(=O)NCCCc1ccncc1,1.0
c1ccc2c(CCNc3ccc(Nc4ccncc4)cc3)c[nH]c2c1,0.9999978542327881
CCn1c(-c2nonc2N)nc2cnc(Oc3cccc(NC(=O)c4ccc(OCCN5CCOCC5)cc4)c3)cc21,3.30045281771163e-06
CC(C)c1cc(C(=O)N2Cc3ccc(CN4CCN(C)CC4)cc3C2)c(O)cc1O,9.801423317412628e-08
NCc1c[nH]c(=S)n1[C@H]1CCc2c(F)cc(F)cc2C1,0.9987623691558838
C[C@H](c1ccc(F)cc1CCCC(=O)O)N(c1cc(F)ccc1F)S(=O)(=O)c1ccc(Cl)cc1,1.3029058720803732e-07
Cc1cnc(Nc2ccc(OCCN3CCCC3)cc2)nc1Nc1cccc(S(=O)(=O)NC(C)(C)C)c1,0.9008057117462158
CCN(CC)CCCCNc1ncc2cc(-c3cc(OC)cc(OC)c3)c(NC(=O)NC(C)(C)C)nc2n1,0.9999980926513672
CCC(=O)NC[C@H](Cc1ccc(OCCc2nc(-c3ccccc3)oc2C)cc1)NC(C)=CC(=O)c1ccc(C(F)(F)F)cc1,0.9999998807907104
O=C(NCc1ccccc1)c1csc(Nc2ccncn2)n1,5.232266630628146e-06
Cn1c(=O)c(F)c(Nc2ccc(I)cc2F)c2c(=O)n(C[C@@H](O)CO)cnc21,0.053170718252658844
COc1cc2c(cc1OC)CN(CCc1ccc(NC(=O)c3cccc4c(=O)c5cccc(OC)c5[nH]c34)cc1)CC2,0.999276340007782
Cc1ccc(F)c(NC(=O)Nc2ccc(-c3cccc4[nH]nc(N)c34)cc2)c1,0.9453029632568359
CCOc1ccccc1N=Nc1c(C)[nH]n(-c2nc(-c3ccccc3)cs2)c1=O,2.1433593246911187e-06
O=C1C(c2c(O)[nH]c3ccccc23)=Nc2ccccc21,6.851176527142289e-13
C[C@@H]1CCN(C(=O)CC#N)C[C@@H]1N(C)c1ncnc2[nH]ccc12,1.7457584856883646e-13
Cn1cc(-c2cnn3c(N)c(Br)c([C@@H]4CCCNC4)nc23)cn1,9.974285785574466e-05
CC1(C)CC(=O)c2c(C(F)(F)F)nn(-c3ccc(C(N)=O)c(NC4CCC(OC(=O)CN)CC4)c3)c2C1,0.9991143345832825
CNC(=O)c1ccc2cc(C3(O)CCn4cncc43)ccc2c1,1.0089954116665467e-07
COc1ccc2c(OCc3nnc4ccc(-c5ccccc5)nn34)ccnc2c1,0.0014870372833684087
CO[C@@H]1[C@H](N(C)C(=O)c2ccccc2)C[C@H]2O[C@]1(C)n1c3ccccc3c3c4c(c5c6ccccc6n2c5c31)C(=O)NC4,8.477878989110454e-12
c1cc(OCCN2CCCCC2)cc(-c2n[nH]c3ccc(-c4nc[nH]n4)cc23)c1,0.018560783937573433
CCCS(=O)(=O)Nc1ccc(F)c(C(=O)c2c[nH]c3ncc(Cl)cc23)c1F,0.0004084675165358931
CN1CCc2c(c3ccccc3n2Cc2ccc(C(=O)NO)cc2)C1,0.7638157606124878
Cc1cnc(NC(=O)Nc2cc(Br)c(C)cc2OC[C@@H]2CNCCO2)cn1,0.13134759664535522
COc1ncc(-c2ccc3nccc(-c4ccnnc4)c3c2)cc1NS(=O)(=O)c1ccc(F)cc1F,3.857912247440254e-07
Cc1cnn(C)c1C(=O)Nc1cc(Nc2ccc3c(C=Cc4ccccn4)n[nH]c3c2)ccc1F,0.963068962097168
CCOc1cc2c(c(F)c1OCC)C(=N)N(CC(=O)c1cc(N3CCOCC3)c(OC)c(C(C)(C)C)c1)C2,1.0
C=CCNC1=C2C[C@@H](C)C[C@H](OC)[C@H](O)[C@@H](C)C=C(C)[C@H](OC(N)=O)[C@@H](OC)C=CC=C(C)C(=O)NC(=CC1=O)C2=O,1.3101538742787966e-09
C=CCNc1c(O)cc2c(O)c1C[C@@H](C)C[C@H](OC)[C@H](O)[C@@H](C)C=C(C)[C@H](OC(N)=O)[C@@H](OC)C=CC=C(C)C(=O)N2,1.582989881399044e-07
CN(C)CCN(C)C(=O)c1ccc(NC(=O)Nc2ccc(-c3nc(N4CCOCC4)c4ccn(CC(F)(F)F)c4n3)cc2)cc1,0.9752496480941772
CC(C=CC(=O)NO)=C[C@@H](C)C(=O)c1ccc(N(C)C)cc1,2.555719672680082e-18
C[C@H]1CN(C(=O)c2cc3c(C(=O)C(=O)N(C)C)cn(C)c3cc2Cl)[C@H](C)CN1Cc1ccc(F)cc1,0.03327812999486923
CCC(=O)N1CCN(c2ccc(-n3c(=O)ccc4cnc5ccc(-c6cnc7ccccc7c6)cc5c43)cc2C(F)(F)F)CC1,0.9998880624771118
Cc1ccc(S(=O)(=O)OCC(=O)Nc2ccc(C(=O)O)c(O)c2)cc1,1.1773221286759394e-11
O=C(Nc1ccc(Oc2ccnc3[nH]ccc23)c(F)c1)c1cccn(-c2ccc(F)cc2)c1=O,0.04746056720614433
COc1cc(-c2nn(C3CCC(N4CCN(C(C)=O)CC4)CC3)c3ncnc(N)c23)ccc1NC(=O)c1cc2ccccc2n1C,0.015080524608492851
COc1cc(Nc2ncc3c(n2)-c2ccc(Cl)cc2C(c2c(F)cccc2OC)=NC3)ccc1C(=O)O,0.9986349940299988
COc1cc2nc(N3CCCN(C)CC3)nc(NC3CCN(Cc4ccccc4)CC3)c2cc1OC,0.9999805688858032
Cn1cc(C2=C(c3cc(Cl)cc(Cl)c3)C(=O)NC2=O)c2ccccc21,0.16390042006969452
NC(=O)c1c(OCc2c(F)cc(Br)cc2F)nsc1NC(=O)NCCCCN1CCCC1,0.059659283608198166
CCN(CC)Cc1ccc2cc(COC(=O)Nc3ccc(C(=O)NO)cc3)ccc2c1,0.9945803284645081
Cc1ccc2nc(NC(=O)CSc3nc4c(c(=O)n3-c3ccccc3)SCC4)sc2c1,1.0022463357017841e-06
O=C(O)[C@H](Cc1c[nH]c2ccccc12)N1C(=O)c2ccccc2C1=O,8.952247173817443e-14
C=C1C(=CC=C2CCCC3(C)[C@H]2CC[C@@H]3[C@H](C)C=CC=CC(O)(CC)CC)C[C@@H](O)C[C@@H]1O,0.9999971389770508
C[C@@H](N)c1ccc(C(=O)Nc2ccnc3[nH]ccc23)cc1,1.6719220452543482e-10
C[C@H](NC(=O)c1sccc1OCc1ccc(Cl)cc1)c1ccccc1,0.999974250793457
O=c1[nH]c2ccccc2n1C1CCN(Cc2ccc(-c3nc4cc5nc[nH]c5cc4nc3-c3ccccc3)cc2)CC1,0.9999573230743408
CC(C)n1cnc2c(NCCCCCCNC(=O)OC(C)(C)C)nc(NCCO)nc21,0.9996032118797302
O=C(Nc1cc2cc[nH]c2cn1)c1ccccc1,2.8952817956451327e-06
COc1ccc(CC(=O)NC(NC(=Nc2cccc3ccccc23)NC#N)C(C)(C)C)cc1OC,0.0030239238403737545
O=C1NC(=O)C(=Cc2ccc3c(c2)OC(F)(F)O3)S1,2.244074358887091e-21
O=C(Cc1ccc(-c2ccc(OCCN3CCOCC3)cc2)cn1)NCc1ccccc1,0.00026512943441048265
CN(C)CC(C)(C)CNc1nn2c(-c3ccccc3)nnc2cc1C1CCC1,0.9415062665939331
O=C(c1ccc(F)c(F)c1Nc1ccc(I)cc1F)N1CC(O)([C@@H]2CCCCN2)C1,0.00022762057778891176
COC(=O)[C@H](CCCNC(=N)N)NS(=O)(=O)c1ccc(C)cc1,1.705871111035151e-09
N#CCNC(=O)c1ccc(-c2ccnc(Nc3ccc(N4CCOCC4)cc3)n2)cc1,0.000972219102550298
Cn1c2ccccc2c2c3c(c4c5ccccc5n(CCC#N)c4c21)CNC3=O,0.03040951117873192
CC(C)(C)Cn1c(N)nc2ccc(-c3nc(C(C)(C)C)[nH]c3-c3ccc(F)cc3)nc21,0.7223645448684692
CC(C)(C)c1cc(NC(=O)Nc2ccc(-c3cn4c(n3)sc3cc(OCCN5CCOCC5)ccc34)cc2)no1,0.014331626705825329
Cc1ccc2c(=O)c3cccc(CC(=O)O)c3oc2c1C,3.204340657961015e-20
CC#C[C@]1(O)CC[C@H]2[C@@H]3CCC4=CC(=O)CCC4=C3[C@@H](c3ccc(N(C)C)cc3)C[C@@]21C,6.749827008434295e-08
CCCCCCCCCCCC1=C(O)C(O)=CC(=O)C1=O,3.9418291719661228e-19
Cn1cnc(N)c2ncnc1-2,1.0751521633097233e-26
N#CC1(c2ccc(NC(=O)c3cccnc3NCc3ccncc3)cc2)CCCC1,0.9998103976249695
COc1cc(C(C)C)c(Oc2cnc(NC(CO)CO)nc2N)cc1I,0.297344446182251
CN1CC[C@@H](c2c(O)cc(O)c3c(=O)cc(-c4ccccc4Cl)oc23)[C@@H](O)C1,7.592308065795805e-06
Cc1c(C)c2c(c(C)c1O)CCC(C)(COc1ccc(CC3SC(=O)NC3=O)cc1)O2,0.9503434896469116
COc1cc2c(cc1OC)[C@@H]1Cc3ccc(OC)c(OC)c3CN1CC2,3.7765018987556687e-06
O=C(O)CCC1CCC(c2cc(F)ccc2F)(S(=O)(=O)c2ccc(Cl)cc2)CC1,0.00010310261131962761
C[C@@]12OC(=O)[C@]1([C@@H](O)[C@@H]1C=CCCC1)NC(=O)[C@@H]2CCCl,3.738214576750746e-21
CC(C)(C(=O)NCC(F)(F)C(F)(F)F)C(=O)N[C@@H]1C(=O)Nc2ccccc2-c2ccccc21,5.102859107486424e-11
O=S(=O)(CC1CS1)c1ccc(Oc2ccccc2)cc1,0.9999985694885254
CNC(=O)c1ccc(N2C(=S)N(c3ccc(C#N)c(C(F)(F)F)c3)C(=O)C23CCC3)cc1F,6.2621611505164765e-06
CNC(=O)c1ccc(N2C(=S)N(c3cnc(C#N)c(C(F)(F)F)c3)C(=O)C23CCC3)cc1F,1.9036700393826322e-07
CCCc1nc(C(C)(C)O)c(C(=O)O)n1Cc1ccc(-c2ccccc2-c2nn[nH]n2)cc1,2.966069405374583e-05
CN(C)CCCNC(=O)c1ccc(-c2cc(O)c3ncccc3c2)cc1,5.038031304138713e-06
CS(=O)c1ccc(-c2nc(-c3ccc(F)cc3)c(-c3ccncc3)[nH]2)cc1,0.9927207827568054
CN1[C@H]2CC[C@@H]1CC(OC(=O)c1cc(Cl)cc(Cl)c1)C2,1.0
N#Cc1cc(NC(=O)Nc2nnc(-c3ccncc3)s2)ccc1-c1cn[nH]c1,2.2047881429898553e-05
COc1ccc2c(c1)CN(C)CC2c1ccc(Cl)c(Cl)c1,1.0
CN1C(C(=O)Nc2ccccn2)=C(O)c2sc(Cl)cc2S1(=O)=O,3.2459162806621844e-17
CC(=O)NCC(=O)N1[C@H]2CC[C@@H]1c1cc(Nc3ncc(C(F)(F)F)c(NC4CCC4)n3)ccc12,0.001215654774568975
CN1CCCN(C(=O)c2cccc(-c3ccc(C=C4C(=O)Nc5ccc(Cl)cc54)o3)c2)CC1,0.997986912727356
CCCS(=O)(=O)Nc1ccc(F)c(C(=O)c2c[nH]c3ncc(-c4ccc(Cl)cc4)cc23)c1F,0.028241008520126343
O=C1CSC(=O)N1C(CCc1ccncc1)COc1ccc(-c2cccc([N+](=O)[O-])c2)cc1,0.9929539561271667
O=C(Nc1cccc(Cl)c1)Nc1ncc(CCNc2ncnc3ccsc23)s1,8.2936036051251e-05
CC(C)CCN1c2nc(Nc3cc(F)c(O)c(F)c3)ncc2N(C)C(=N)C1C,0.24696829915046692
NC(=O)N1CCC(CC(=O)N2CCC([C@H]3c4ncc(Br)cc4CCc4cc(Cl)cc(Br)c43)CC2)CC1,1.1123527656309307e-05
Cc1ccc(S(=O)(=O)Nc2nc3ccccc3nc2Nc2ccc3nsnc3c2)cc1,0.027714412659406662
O=C(O)c1ccc(Nc2ncc3c(n2)-c2ccc(Cl)cc2C(c2c(F)cccc2F)=NC3)cc1,0.0005706691881641746
CC(C)[C@H](C(=O)Nc1ccc(C(=O)NO)cc1)c1ccccc1,8.055606315338082e-08
COC1=CC(c2cc3ccccc3[nH]2)=NC1=Cc1[nH]c(C)cc1C,0.4347894787788391
O=c1cc(-c2ccccc2)oc2cc(O)cc(O)c12,5.509858169716608e-08
Cc1cnc(Nc2ccc(CN3CCOCC3)cc2)nc1Nc1cccc(S(=O)(=O)NC(C)(C)C)c1,0.06193775683641434
C#CC1(O)CCC2C3CCC4=CC(=O)CCC4(C)C3CCC21C,6.94471040674216e-08
CC(C)(C)OC(=O)Nc1ccc(-c2cc(C(=O)NCCCCCCC(=O)NO)no2)cc1,3.1144841727837047e-07
COC(=O)C=CC(=O)OC,4.475763617377978e-36
COc1cccc2nc(-c3cccs3)nc(NN3C(=O)C=C(C)C3=O)c12,1.130674945670762e-06
CNC1CCC(N(Cc2cccc(-c3ccncc3)c2)C(=O)c2sc3ccccc3c2Cl)CC1,0.9868993759155273
Cn1cnc2c(F)c(Nc3ccc(Br)cc3Cl)c(C(=O)NOCCO)cc21,3.4681249871937325e-07
Cn1cnc2c(F)c(Nc3ccc(Br)cc3F)c(C(=O)NOCCO)cc21,4.008882115158485e-07
CC(=O)SCC(Cc1ccccc1)C(=O)NCC(=O)OCc1ccccc1,0.06249484419822693
CCc1cncnc1N1CCN(Cc2nc3cc(C(F)(F)F)ccc3[nH]2)CC1,0.21619491279125214
OC[C@H](O)[C@@H](O)[C@H](O)[C@H](O)CO,0.0
Cc1ccc(C(N)=O)cc1Nc1nccc(-c2cn(C(C)C)c3cnccc23)n1,0.00030736043117940426
Cc1[nH]c(C=C2C(=O)Nc3ccccc32)c(C)c1CCC(=O)O,8.356363836467897e-16
CN(C)C[C@@H]1CCn2cc(c3ccccc32)C2=C(C(=O)NC2=O)c2cn(c3ccccc23)CCO1,0.9984910488128662
O=c1cc(-c2ccccc2)oc2cc(O)c(O)c(O)c12,1.5554158167615378e-13
CN(C)c1ccc2cc(C(=O)N[C@@H](CCCNC(=N)CCl)C(=O)NCc3ccccc3)ccc2c1,0.997876763343811
CCN(CC)CCCCNc1ncc2c(n1)N(C)C(=O)N(c1c(Cl)c(OC)cc(OC)c1Cl)C2,1.0
Cc1csc(NC(=O)c2sc3nc4c(c(C(F)(F)F)c3c2N)CCC4)n1,1.2143718919332969e-08
Cc1cccc(-c2n[nH]cc2-c2ccc3ncccc3n2)n1,6.409889841130223e-10
Cc1ccccc1-n1c(Cn2cnc3c(N)ncnc32)nc2cccc(C)c2c1=O,0.6743474006652832
Cc1ccccc1-n1c(Cn2ncc3c(N)ncnc32)nc2cccc(C)c2c1=O,0.5629445314407349
CCc1c(O)cc(O)c(C(=O)c2ccc(OCCN3CCOCC3)c(OC)c2)c1CC(=O)N(CCOC)CCOC,0.2804352045059204
