smiles,class
Fc1ccc(-n2cc(c3c2cccc3)C2CCN(CC2)CCN2CCNC2=O)cc1,1
Fc1ccc(cc1)C(OCCN1CCN(CC1)CCCc1ccccc1)c1ccc(F)cc1,1
Clc1cc2cc(n(c2cc1)-c1ccc(F)cc1)CN(C)C,1
[nH]1c2c(cccc2)c(c1-c1ccccc1)C1C[C@@H]2N([C@H](C1)CC2)c1ccccc1,1
Clc1cc(C(=O)N[C@@H]2CCN(C[C@@H]2OC)CCCOc2ccc(F)cc2)c(OC)cc1N,1
Fc1ccc(cc1)Cn1c2c(nc1NC1CC[NH+](CC1)CCc1ccc(O)cc1)cccc2,1
O1CC(=CC1=O)[C@H]1CC[C@]2(O)[C@H]3[C@H](C[C@@H](O)[C@]12C)[C@@]1([C@@H](C[C@@H](O[C@@H]2O[C@H](C)[C@@H](O[C@@H]4O[C@H](C)[C@@H](O[C@@H]5O[C@H](C)[C@@H](O)[C@@H](O)C5)[C@@H](O)C4)[C@@H](O)C2)CC1)CC3)C,1
Clc1cc(Cl)cc2c1cc(c1c2cc(cc1)C(F)(F)F)[C@@H](O)CCNCCCC,1
FC(F)(F)c1cc(NC(=O)c2cc(Nc3nc(ccn3)-c3cccnc3)c(cc2)C)cc(-n2cc(nc2)C)c1,1
Clc1cc2c(n(cc2C2CCN(CC2)CCN2CCNC2=O)-c2ccc(cc2)CC(OC)=O)cc1,1
Clc1cccc(OC[C@H](O)CNC(Cc2cc3c(cc2)cccc3)(C)C)c1C#N,1
Fc1cc\2c(NC(=O)/C/2=C\c2[nH]c(C)c(C(=O)NCCN(CC)CC)c2C)cc1,1
O=C(N(CCC[NH+](CC)CC)CC(=O)N(C1CCCCC1)C1CCCCC1)c1ccc([N+](=O)[O-])cc1,1
S(=O)(=O)(Nc1cc2c(OC3(CC2=O)CCN(CC3)[C@@H]2CCc3cc(ccc3C2)C#N)cc1)C.O=C(C[C@@H]1N(C)[C@@H](CCC1)C[C@@H](O)c1ccccc1)c1ccccc1,1
O=C/1N/C(=N\C=C\1)NCC5CCN(c3nc2ccccc2n3Cc4ccc(F)cc4)CC5,1
Clc1cc(ccc1)CN1CC[C@@H]([NH2+]Cc2n(cnc2)Cc2ccc(cc2)C#N)C1=O,1
Clc1cc(ccc1)CN1CC[C@@H]([NH+](Cc2n(cnc2)Cc2ccc(cc2)C#N)CCC[NH3+])C1=O,1
O(C(=O)[C@@H](CO)c1ccccc1)C1C[C@@H]2[NH+]([C@H](C1)CC2)C,1
Clc1cc2c(n(cc2C2CCN(CC2)CCN2CCNC2=O)-c2ccc(cc2)CC(O)=O)cc1,1
[NH2+]([C@@H](Cc1ccccc1)C)CCC(c1ccccc1)c1ccccc1,1
Clc1cc(C(=O)NC2CCN(CC2)Cc2ccccc2)c(OC)cc1N,1
O(C)c1cc2c(nccc2[C@H](O)[C@@H]2N3C[C@@H]([C@H](C2)CC3)C=C)cc1,1
S1c2c(N(c3c1cccc3)C[C@H](C[NH+](C)C)C)cc(cc2)C#N,1
Brc1ccc(cc1)[C@@H](CCN(C)C)c1ncccc1,1
Fc1cc2[nH]c(C(=O)Nc3ccccc3)c(c2cc1)[C@@H]1C[NH2+]CC[C@@H]1F,1
O=C1NC(=O)C(=C1c1c2c(n(c1)CCCN(C)C)cccc2)c1c2c([nH]c1)cccc2,1
s1cc(cc1)CN1CC(=O)N(CC1)[C@H]1CCc2cc(ccc2C1)CN(CC)CC,1
Fc1ccc(cc1)-c1[nH]c2c(ccc(F)c2)c1[C@H]1CCC[NH2+]C1,1
O(CCOc1ccccc1N(CC(O)=O)CC(O)=O)c1ccccc1N(CC(OCOC(=O)C)=O)CC(O)=O,1
O=C1NC[C@H](C12CCN(CC2)[C@H]1CCCC[C@@H]1c1ccccc1)c1ccccc1,1
Fc1ccc(cc1)-c1[nH]c2c(ccc(F)c2)c1[C@@H]1C[NH2+]CC[C@@H]1F,1
o1c(ccc1C)-c1nc(NC(=O)CN2CCC(CC2)CN(C)C)cc(n1)-n1nccc1C,1
FC(F)(F)c1cc(cc(N)c1)CCN1CC(=O)N(CC1)[C@H]1CCc2cc(ccc2C1)CN(CC)CC,1
Clc1cc(C(=O)N[C@@H]2[C@H]3CCC[NH+](CC2)C3)c(OC)cc1N,1
CN1CCc2cccc-3c2[C@H]1Cc4c3c(c(cc4)O)O.Cl,1
Fc1ccc(F)cc1C=1CN(C(=O)[C@H](N)C(C)C)[C@H](C=1)c1ccccc1,1
O(C)c1ccc(cc1)CN(CC[NH+](C)C)c1ncccc1,1
O(C)c1c2c(C[C@@H]3N(CCc4cc(OC)c(OC)cc34)[C@@H]2Cc2ccccc2)ccc1OC,1
O(c1cc(ccc1O)C[C@H]1N(CCc2cc(OC)c(OC)cc12)C)c1ccc(cc1)C[C@H]1N(CCc2cc(OC)c(OC)cc12)C,1
Clc1ccc(cc1)C[C@@](O)([C@H](CN(C)C)C)C,1
Clc1ccccc1C(n1ccnc1)(c1ccccc1)c1ccccc1,1
O(C)c1cc(ccc1OC)CC[NH2+]CCC[C@@](C(C)C)(C#N)c1cc(OC)c(OC)cc1,1
FC(F)(F)c1ccc(cc1)/C(=N/OCC[NH3+])/CCCCOC,1
FC(F)(F)COc1ccc(OCC(F)(F)F)cc1C(=O)NC[C@@H]1[NH2+]CCCC1,1
Fc1ccc(cc1)CCN1CC(=O)N(CC1)[C@H]1CCc2cc(ccc2C1)Cn1ccnc1,1
Fc1cc2c(OC(=CC2=O)C(=O)NC2CCN(CC2)Cc2cc3OCOc3cc2)cc1,1
Clc1cc2N=C(N3CC[NH2+]CC3)c3c(Nc2cc1)cccc3,1
Clc1cc2c(n(cc2[C@H](O)C)-c2ccc(F)cc2)cc1,1
[NH2+]1C[C@H](CCC1)c1c2c([nH]c1-c1ccccc1)cccc2,1
O(C)c1cc2[C@]34[C@@H]([C@@H](N(CC3)C)Cc2cc1)CCCC4,1
S1c2c(cccc2)C(=Nc2c1cccc2)N1CC[NH+](CC1)CCOCCO,1
Clc1cc(ccc1)C(=O)N1CC[C@@H]([NH2+]Cc2n(cnc2)Cc2ccc(cc2)C#N)C1=O,1
O1c2c(C[C@@H](OC(=O)c3cc(O)c(O)c(O)c3)[C@H]1c1cc(O)c(O)c(O)c1)c(O)cc(O)c2,1
[NH+]1(CCCC[C@@H]1c1c2c([nH]c1-c1ccccc1)cccc2)C,1
Clc1cc(C(=O)NC[C@H]2OCC[NH+](C2)Cc2ccc(F)cc2)c(OCC)cc1N,1
Fc1ccc(F)cc1C=1CN(C(=O)[C@@H](N)C(C)C)[C@H](C=1)c1cc(O)ccc1,1
s1cc(nc1\[NH+]=C(\N)/N)CSCC/C(=[NH+]/S(=O)(=O)N)/N,1
Fc1ccc(F)cc1C=1CN(C(=O)[C@H](O)C2CC2)[C@H](C=1)c1ccccc1,1
[S-]c1ncccc1C(=O)N1CC[C@@H]([NH2+]Cc2n(cnc2)Cc2ccc(cc2)C#N)C1=O,1
O1c2c(ccc(OC)c2)C(=O)C=C1C(=O)NC1CCN(CC1)Cc1cc2OCOc2cc1,1
S(C[C@H](NC(=O)c1cccc(O)c1C)[C@H](O)C[NH+]1C[C@@H]2[C@H](C[C@H]1C(=O)NC(C)(C)C)CCCC2)c1ccccc1,1
O1[C@@H](C[C@@H](O)CC1=O)CC[C@H]1[C@@H]2C(=C[C@@H](C[C@H]2OC(=O)[C@@H](CC)C)C)C=C[C@H]1C,1
s1c2Nc3c(N=C(N4CC[NH2+]CC4)c2cc1C)cccc3,1
N12[C@H](c3c(Cc4c1cccc4)cccc3)CN(CC2)C,1
O=C(N[C@@H](CC(=O)N)C(=O)N[C@H]([C@H](O)C[NH+]1C[C@@H]2[C@H](C[C@H]1C(=O)NC(C)(C)C)CCCC2)Cc1ccccc1)c1nc2c(cc1)cccc2,1
O(C)c1cc(ccc1O)CNC(=O)CCCC\C=C\C(C)C,1
Fc1cc2OC(=CC(=O)c2cc1)C(=O)NC1CCN(CC1)Cc1ccccc1,1
Clc1ccc(cc1)[C@@H](CC[NH+](C)C)c1ncccc1,1
Fc1cc(ccc1)CN1CCC(NC(=O)C=2Oc3c(ccc(F)c3)C(=O)C=2)CC1,1
Clc1cc2N(c3c(Sc2cc1)cccc3)CCC[NH+]1CC[NH+](CC1)C,1
FC(F)Oc1cc(ccc1OC(F)F)[C@H](C=1C=C[C@@H](NC=1)C(O)(C)C)c1cc[n+]([O-])cc1,1
[NH+]=1CCNC=1[C@@H]1CC1(c1ccccc1)c1ccccc1,1
Fc1ccc(cc1)CCN1CC(=O)N(CC1)[C@H]1CCc2cc(ccc2C1)CN1CCN(CC1)C(=O)C,1
Brc1n2c(nc1C)C(=O)N(C=C2)CC1(CC1)c1ccccc1,1
Clc1ccc(cc1)[C@H]([NH+]1CC[NH+](CC1)CCOCC(=O)[O-])c1ccccc1,1
Fc1ccc(F)cc1C=1CN(C(=O)N(C)C)[C@H](C=1)c1cc(O)ccc1,1
S1[C@@H](NC=C1[C@H](c1cc(OC(C)C)c(OC(F)F)cc1)c1ccc[n+]([O-])c1)C(O)(C(F)(F)F)C(F)(F)F,1
O1c2cc([N+](=O)[O-])c(NC(=O)Cc3ccc(OC)cc3)cc2[C@H](NC2CC2)[C@@H](O)C1(C)C,0
FC(F)Oc1ccc(cc1OC(C)C)[C@@H](C=1C=C[C@@H](NC=1)C(O)(C)C)c1ccc[n+]([O-])c1,0
N1C[C@@]2([C@@H](C2)C1)c1ccc(cc1)C,0
FC(F)Oc1ccc(cc1OC(C)C)[C@@H](C=1C=NC(=O)CC=1)C=1C=C[C@@H](NC=1)C(O)(C)C,0
O([C@H](CCNC)c1ccccc1)c1ccccc1C.N1(C[C@H]2CN(C[C@@H](C1)C12CCCCC1)CC(C)C)C(C)C,0
O1c2c(ccc(O)c2)C(=O)C=C1C(=O)NC1CCN(CC1)Cc1cc2OCOc2cc1,0
Fc1ccc(cc1)C(=O)c1ccc(F)cc1,0
O1[C@H](CC)[C@@](O)(C)[C@H](O)[C@@H](C)C(=O)[C@@H](C[C@](O)(C)[C@H](O[C@H]2O[C@@H](C[C@@H]([NH+](C)C)[C@H]2O)C)[C@H](C)[C@@H](O[C@@H]2O[C@H](C)[C@@H](O)[C@@](OC)(C2)C)[C@@H](C)C1=O)C,0
S(=O)(=O)(Nc1ccc(cc1)[C@@H](O)C[NH2+]C(C)C)C,0
Clc1cc(cc(Cl)c1N)[C@@H](O)CNC(C)(C)C,0
Clc1ccc(cc1)C(=O)NCCN1CCOCC1,0
O1c2cc(ccc2OC1)[C@H]1N2[C@H](Cc3c1[nH]c1c3cccc1)C(=O)N(CC2=O)C,0
O1[C@@H](C/C=C\C=C\[C@H](O)[C@@H](C[C@H](CC=O)[C@@H](O[C@H]2O[C@H](C)[C@H](O[C@H]3O[C@H](C)[C@@H](OC(=O)CC(C)C)[C@](O)(C3)C)[C@H]([NH+](C)C)[C@H]2O)[C@H](OC)[C@H](OC(=O)C)CC1=O)C)C,0
O=C1CC[C@]2([C@H]3[C@H]([C@H]4CC[C@](O)(CCC(=O)[O-])[C@@]4(CC3)C)C=CC2=C1)C,0
Fc1cc2c([N+](=C[C@@H](C(=O)[O-])C2=O)C2CC2)c(OC)c1N1C[C@H]([NH2+]CC1)C,0
Fc1cc2c([N+](=C[C@@H](C(=O)[O-])C2=O)C2CC2)c(OC)c1N1C[C@@H]2[C@@H]([NH2+]CCC2)C1,0
Clc1cc2N(O)[C@H]([NH+]3CC[NH+](CC3)C)c3c(Nc2cc1)cccc3,0
Clc1cc2c(n(cc2C2CC[NH+](CC2)CCN2CCNC2=O)C2CCCCC2)cc1,0
O=C(NCCN(CC)CC)c1ccc(N)cc1,0
O1c2c3c(CC(=O)c4c(CC[NH+](C3)C)cc3OCOc3c4)ccc2OC1,0
Clc1cc2c(n(cc2C2CC[NH2+]CC2)-c2ccc(F)cc2)cc1,0
CN(C)CC(c1ccc(cc1)O)C2(CCCCC2)O,0
O(C(=O)c1ccccc1)[C@@H]1C[C@H]2[NH+]([C@H](CC2)[C@H]1C(=O)[O-])C,0
O1[C@@H]2[C@]34[C@H]([C@H](N(CC3)C)Cc3c4c1c(OC(=O)C)cc3)C=C[C@@H]2OC(=O)C,0
S1C=2N(c3c(cc(F)c(N4CCNCC4)c3)C(=O)C=2C(O)=O)[C@H]1C,0
FC1=C[C@@H]2C(=[N+](C=C(C(=O)[O-])C2=O)C2CC2)C=C1N1CC[NH2+]CC1,0
Fc1cc2c3N(C=C(C(=O)[O-])C2=O)[C@@H](COc3c1N1CC[NH+](CC1)C)C,0
CCC(CC)c1cn(c2c1cc(cc2)Cl)c3ccc(cc3)F,0
O1[C@@H]2[C@]34CC[N@+]([C@H](Cc5c3c1c(O)cc5)[C@]4(O)CCC2=O)(CC1CC1)C,0
O=C(N)N1c2c(C=Cc3c1cccc3)cccc2,0
CCc1cn(c2c1cc(cc2)Cl)c3ccc(cc3)F,0
Clc1cc2c(n(cc2[C@@H](O)C)-c2ccc(F)cc2)cc1,0
S(Cc1[nH]cnc1C)CCN\C(=[NH+]\C#N)\NC,0
Fc1ccc(cc1)Cn1c2c(nc1NC1CCN(CC1)CCc1ccc(O)cc1)cccc2,1
Fc1ccc(cc1)C(OCC[NH+]1CC[NH+](CC1)CCCc1ccccc1)c1ccc(F)cc1,1
O=[N+]([O-])c1ccc(cc1)CCCCN(CCCCCCC)CC,1
CCCCCCC[N+](CC)(CC)CCCCc1ccc(cc1)Cl.CCCCCCC[N+](CC)(CC)CCCCc1ccc(cc1)Cl.CCCCCCC[N+](CC)(CC)CCCCc1ccc(cc1)Cl.[O-]P(=O)([O-])[O-],1
Fc1ccc(cc1)C(CCC[NH+]1CCC2(N(CNC2=O)c2ccccc2)CC1)c1ccc(F)cc1,1
Fc1ccc(cc1)C(=O)CCCN1CCC(N2c3c(NC2=O)cccc3)CC1,1
OC(C1CC[NH+](CC1)CCC[C@H](O)c1ccc(cc1)C(C)(C)C)(c1ccccc1)c1ccccc1,1
S(=O)(=O)(Nc1ccc(cc1)CC[NH+](CCOc1ccc(NS(=O)(=O)C)cc1)C)C,1
S(=O)(=O)(Nc1ccc(cc1)C(=O)C1CC[NH+](CC1)CCc1nc(ccc1)C)C,1
Clc1cc2c(n(cc2C2CC[NH+](CC2)CCN2CCNC2=O)-c2ccc(F)cc2)cc1,1
Oc1ccc(cc1[C@@H](CCN(C(C)C)C(C)C)c1ccccc1)C,1
S(=O)(=O)(Nc1cc2c(OC3(CC2=O)CCN(CC3)[C@@H]2CCc3cc(ccc3C2)C#N)cc1)C,1
O1CC(=CC1=O)[C@@H]1CC[C@]2(O)[C@H]3[C@@H]([C@]4(CO)[C@](O)(C[C@H](O[C@@H]5O[C@@H](C)[C@H](O)[C@@H](O)[C@H]5O)C[C@H]4O)CC3)[C@@H](O)C[C@]12C,1
Fc1ccc(cc1)C(CCC[NH+]1CC[NH+](CC1)CC(=O)Nc1c(cccc1C)C)c1ccc(F)cc1,1
O(C)c1cc(ccc1OC)CC[NH+](CCCN(C(=O)c1ccc([N+](=O)[O-])cc1)c1cc(OC)c(OC)cc1)C,1
Clc1cc(C(=O)N[C@@H]2CC[NH+](C[C@@H]2OC)CCCOc2ccc(F)cc2)c(OC)cc1N,1
Clc1ccc(cc1)[C@@H](O)CN1CCC(CC1)Cc1ccc(F)cc1,1
S(=O)(=O)(Nc1cc2c(OC3(C[C@H]2O)CC[NH+](CC3)[C@@H]2CCc3cc(ccc3C2)C#N)cc1)C,1
Fc1ccc(N2C[C@H](c3c2cccc3)C2CCN(CC2)CCN2CCNC2=O)cc1,1
Clc1cc(ccc1)CN1CC[C@@H]([NH+](Cc2n(cnc2)Cc2ccc(cc2)C#N)CCCc2ccccc2)C1=O,1
S(=O)(=O)(Nc1ccc(cc1)[C@H](O)CCC[NH+](CCCCCCC)CC)C,1
Clc1cc(Cl)cc2c1cc(c1c2cc(cc1)C(F)(F)F)[C@H](O)CC[NH+](CCCC)CCCC,1
Fc1ccc(cc1)C(=O)CCC[NH+]1CCC([N+]2=C3C(=NC2=O)C=CC=C3)=CC1,1
O(C(=O)C=1n2c3c(c4CC[NH+]5[C@@H](c24)[C@](C=1)(CCC5)CC)cccc3)CC,1
Clc1cc2c(n(cc2C2CCN(CC2)CCN2CCNC2=O)-c2ccc(cc2)C(OC)=O)cc1,1
Fc1ccc(NC(=O)N(CCCN2CCN(CC2)C)[C@H]2[C@H]3[C@@H](C3)[C@@H](C2)c2ccc(cc2)C#N)cc1C(F)(F)F,1
Ic1cc(cc(I)c1OCCN(CC)CC)C(=O)c1c2c(oc1CCCC)cccc2,1
CCCCNCCC(c1cc2c(cc(cc2Cl)Cl)c3c1ccc(c3)C(F)(F)F)O,1
[nH]1c2c(cccc2)c(c1-c1ccccc1)C1CCN(CC1)c1ccccc1,1
Clc1cc2c(n(cc2C2CCN(CC2)CCN2CCNC2=O)-c2ccccc2)cc1,1
O(C)c1cc(ccc1C[C@@H](O)CO)CNC(=O)CCCCCCCC,1
Oc1ccc(cc1)[C@@H](O)[C@H](N1CCC(CC1)Cc1ccccc1)C,1
Fc1cc2[nH]c(-c3c4c(ccc3)cccc4)c(c2cc1)[C@@H]1C[NH2+]CC[C@@H]1F,1
Clc1cc(ccc1)CN1CC[C@@H]([NH+](Cc2n(cnc2)Cc2ccc(cc2)C#N)CCCNC(OC(C)(C)C)=O)C1=O,1
Clc1cc2NC(=O)Cc2cc1CC[NH+]1CCN(CC1)c1nsc2c1cccc2,1
Fc1cc2onc(c2cc1)C1CC[NH+](CC1)CC[C@@H]1C(=NC2=[N+](CCC[C@H]2O)C1=O)C,1
O=C1N(CC[C@@H]1[NH2+]CCc1n(cnc1)Cc1ccc(cc1)C#N)c1ccccc1,1
ClC=1C=CC2=[N+](C3CC[NH+](CC3)CCC[N+]3=C4C(=NC3=O)C=CC=C4)C(=O)N=C2C=1,1
Fc1cc2onc(c2cc1)C1CC[NH+](CC1)CC[C@@H]1C(=NC2=[N+](CCCC2)C1=O)C,1
O=C1N(CC[C@@H]1[NH+](Cc1n(cnc1)Cc1ccc(cc1)C#N)CCCC)Cc1ccccc1,1
Clc1cc2c(n(cc2C2CCNCC2)-c2ccc(F)cc2)cc1,1
S(=O)(=O)(N(CCN(C)c1nc2c(n1C)cccc2)C)c1ccc(NS(=O)(=O)C)cc1,1
S(=O)(=O)(Nc1cc(OC)c(Nc2c3c(nc4c2cccc4)cccc3)cc1)C,1
O1CC[C@@H](c2c1cccc2)CCN1CCC(CC1)c1cc(OC)c(OC)cc1,1
O(C(=O)N1CCc2c(cccc2)[C@@H]1c1ccccc1)[C@H]1C2CCN(C1)CC2,1
o1c(ccc1C)-c1nc(NC(=O)CN2CCCN(CC2)C)cc(n1)-n1nccc1C,1
[NH+]1(C[C@H](CCC1)c1c2c([nH]c1-c1ccccc1)cccc2)Cc1ccccc1,1
O(C(c1ccccc1)c1ccccc1)C1CC[NH+](CC1)CCCC(=O)c1ccc(cc1)C(C)(C)C,1
O=C1Nc2c(N1CCCN1CCN(CC1)C(c1ccccc1)c1ccccc1)cccc2,1
Clc1ccc(cc1)[C@H](CCN(C)C)c1ncccc1,1
S(=O)(CCC[NH+](CC)C[C@@H](O)COc1ccc(cc1)C#N)CCC,1
O(C[C@H](O)C[NH2+]CCC)c1ccccc1C(=O)CCc1ccccc1,1
OC(C1CCN(CC1)CCC[C@@H](O)c1ccc(cc1)C(O)(C)C)(c1ccccc1)c1ccccc1,1
FC(F)(F)c1ccc(O[C@H](CC[NH2+]C)c2ccccc2)cc1,1
OC1(O)[C@@]23N(CC1)C(N[C@H]([C@@H]2NC(N3)=N)COC(=O)N)=N,1
O(CCNC[C@@H](O)COc1c2c3c([nH]c2ccc1)cccc3)c1ccccc1OC,1
O(CC(C)C)C[C@H]([NH+]1CCCC1)CN(Cc1ccccc1)c1ccccc1,1
O1c2c(OC[C@@H]1C(=O)N1CCN(CC1)c1nc(N)c3cc(OC)c(OC)cc3n1)cccc2,1
Clc1c(N2CCN(CC2)CCCCOc2cc3NC(=O)CCc3cc2)cccc1Cl,1
o1c(ccc1C)-c1nc(NC(=O)CCN(C)C)cc(n1)-n1nccc1C,1
FC(F)(F)c1ccc(O[C@@H](CCNC)c2ccccc2)cc1,1
S1c2c(N(c3c1cccc3)C[C@H](CN(C)C)C)cc(cc2)C#N,1
Fc1cccnc1N1C[C@@H](N(CC1)/C(=N/C#N)/Nc1ccc(cc1)C(C)(C)C)C,1
CN(C)CCCn1cc(c2c1cccc2)C3=C(C(=O)NC3=O)c4c[nH]c5c4cccc5,1
Fc1ccc(cc1)CCN1CCC(CC1)[C@@H](O)c1cccc(OC)c1OC,1
O(C)c1cc(ccc1OC)C(=O)N1CCN(CC1)c1cc2CCC(=O)Nc2cc1,1
F[C@@H]1CC[NH2+]C[C@@H]1c1c2c([nH]c1-c1ccccc1)cccc2,1
Clc1cc(ccc1)CN1CC[C@@H]([NH+](Cc2n(cnc2)Cc2ccc(cc2)C#N)CC[NH+]2CC[NH2+]CC2)C1=O,1
Clc1cc(Nc2ncnc3c2cc(cc3)-c2oc(cc2)CNCCS(=O)(=O)C)ccc1OCc1cc(F)ccc1,1
[NH2+](CCCC1c2c(C=Cc3c1cccc3)cccc2)C,1
FC(F)Oc1cc(ccc1OC(F)F)[C@H](C=1C=C[C@@H](NC=1)[C@@](O)(C)c1ccccc1)c1cc[n+](O)cc1,1
Fc1ccc(F)cc1C=1CN(C(=O)N(C)C2CCNCC2)[C@@H](C=1)c1ccccc1,1
Fc1ccc(F)cc1C=1CN(C(=O)N(CCCN)C)[C@@H](C=1)c1ccccc1,1
[NH2+](CCCN1c2c(CCc3c1cccc3)cccc2)C,1
Fc1cc2c(cc1)[C@H](C(C)C)[C@@](OC(=O)COC)(CC2)CC[NH+](CCCc1[nH]c2c(n1)cccc2)C,1
Clc1cc2N(c3c(Sc2cc1)cccc3)CCC[NH+](C)C,1
Clc1cc2c(n(cc2C(CC)CC)-c2ccc(F)cc2)cc1,1
Fc1ccc(F)cc1C=1CN(C(=O)[C@H](N)C(C)(C)C)[C@@H](C=1)c1ccccc1,1
o1cccc1C(=O)N1CCN(CC1)c1nc(N)c2cc(OC)c(OC)cc2n1,1
O(CC[NH+](C)C)c1ccc(cc1)\C(=C(/CC)\c1ccccc1)\c1ccccc1,1
Fc1ccc(cc1)C(N1CCNCC1)c1ccc(F)cc1,1
s1cc(cc1C#CCOc1ccccc1)-c1n[nH]c-2c1Cc1cc(ccc1-2)Cn1ncnc1,1
O=C(N(C1CC[NH+](CC1)CCc1ccccc1)c1ccccc1)CC,1
Clc1cc(Cl)ccc1[C@@]1(O[C@@H](CO1)COc1ccc(N2CCN(CC2)C(=O)C)cc1)Cn1ccnc1,1
Clc1cc(Cl)ccc1CO[C@@H](Cn1ccnc1)c1ccc(Cl)cc1Cl,1
Clc1c2[nH]c(-c3ccccc3)c(c2ccc1)[C@@H]1C[NH2+]CC[C@@H]1F,1
O([C@@H](C(C[C@H]([NH+](C)C)C)(c1ccccc1)c1ccccc1)CC)C(=O)C,1
O=C(N1CCc2[nH]c(nc2-c2c1cccc2)C)c1ccc(NC(=O)c2ccccc2-c2ccccc2)cc1,1
FC(F)(F)c1ccc(O[C@@H](CCN)c2ccccc2)cc1,1
O([C@H](C(C[C@@H](N(C)C)C)(c1ccccc1)c1ccccc1)CC)C(=O)C,1
Fc1cc2[nH]c(C=3CC=CNC=3)c(c2cc1)[C@@H]1C[NH2+]CC[C@@H]1F,1
FC(F)(F)c1c2nc(cc(c2ccc1)[C@H](O)[C@@H]1[NH2+]CCCC1)C(F)(F)F,1
Clc1ccc(cc1)C1(O)CCN(CC1)CCC[C@@H](O)c1ccc(F)cc1,1
Clc1cc(N2CCN(CC2)CCCN2N=C3N(C=CC=C3)C2=O)ccc1,1
Oc1c-2c(C[C@H]3N(CCc4c3c-2ccc4)C)ccc1O,1
O(C(=O)C1(CCCC1)c1ccccc1)CCOCCN(CC)CC,1
[NH2+](CCCC12CCC(c3c1cccc3)c1c2cccc1)C,1
O=C1N(CCc2n(c3c(c12)cccc3)C)Cc1[nH]cnc1C,1
O=C1N(CCN(C1)CCC1CCCCC1)[C@H]1CCc2cc(ccc2C1)CN(CC)CC,1
N(CCCN1c2c(CCc3c1cccc3)cccc2)(C)C,1
Fc1ccc(F)cc1C=1CN(C(=O)[C@H](N)C2CC2)[C@@H](C=1)c1ccccc1,1
S1c2c(N(c3c1cccc3)CCCN1CCN(CC1)C)cc(cc2)C(F)(F)F,1
FC(F)Oc1cc2OC(=CC(=O)c2cc1)C(=O)NC1CCN(CC1)Cc1cc2OCOc2cc1,1
Clc1cc2OC(=CC(=O)c2cc1)C(=O)NC1CCN(CC1)Cc1cc2OCOc2cc1,1
O=C(N1C[C@@H]2C[C@H](C1)C[NH+](C2)Cc1ccccc1)c1ccc(N)cc1,1
O([C@]([C@@H](C[NH2+]C)C)(Cc1ccccc1)c1ccccc1)C(=O)CC,1
O=C1N(CCCCN2CCN(CC2)c2ncccn2)C(=O)CC2(C1)CCCC2,1
Fc1ccc(cc1)[C@]1(OCc2cc(ccc12)C#N)CCC[NH+](C)C,1
Clc1cc2N(c3c(CCc2cc1)cccc3)CCCN(C)C,1
Clc1cc2N=C(N3CCNCC3)c3c(Nc2cc1)cccc3,1
Fc1cc2[nH]c(-c3ccccc3)c(c2cc1)[C@@H]1C[NH2+]CC[C@@H]1F,1
Clc1cc(c2OCCc2c1N)C(=O)NC1CC[NH+](CC1)CCCOC,1
o1c(ccc1C)-c1nc(NC(=O)CC2CCN(CC2)C)cc(n1)-n1nccc1C,1
ClC(Cl)(Cl)C(O)(C)C,1
Clc1ccc(cc1)-c1sc2c(N=CN(C2=O)c2cc(OC)c(N3C[C@@H](O)CC3)cc2)c1,1
O=C1N(C)C(=O)N(c2ncn(c12)C)C,1
Clc1cc2c(Oc3c(N=C2N2CCNCC2)cccc3)cc1,1
s1cc(cc1C#CCOCCOC)-c1n[nH]c-2c1C(=O)c1cc(ccc1-2)CN1CCN(CC1)C,1
Clc1cc(C(=O)NCC[NH+](CC)CC)c(OC)cc1N,1
Fc1cc2[nH]c(C3CCCCCC3)c(c2cc1)[C@@H]1C[NH2+]CC[C@@H]1F,1
N(CC\C=C/1\c2c(CCc3c\1cccc3)cccc2)(C)C,1
OC1(CCCCC1)[C@@H](CN(C)C)c1ccc(O)cc1,1
Fc1ccc(F)cc1C=1CN(C(=O)[C@@H](N)C2CC2)[C@@H](C=1)c1cc(O)ccc1,1
Fc1cc2OC(=CC(=O)c2cc1)C(=O)NC1CCN(CC1)Cc1cc2OC(F)(F)Oc2cc1,1
[NH2+]1CCC(CC1)c1c2c([nH]c1-c1ccccc1)cccc2,1
O(C(=O)C=1CN=C2C=1C=CC=C2)C1C[C@@H]2[NH+]3[C@@H](C1)CC(C2)C(=O)C3,1
Clc1cc2c(n(cc2C2CC[NH+](CC2)CCN2CCNC2=S)-c2ccc(F)cc2)cc1,1
O([C@H](CCNC)c1ccccc1)c1ccccc1C,1
O1Cc2c(cccc2)\C(\c2c1cccc2)=C\CC[NH+](C)C,1
ClC=1C=NNC(=O)C=1NCCC[NH+](CCc1cc(OC)c(OC)cc1)C,1
c1cc(ccc1n2cc(c3c2ccc(c3)Cl)C4CCN(CC4)CCN5CCNC5=O)F,1
Fc1cc2c([nH]c(-c3ccccc3)c2[C@@H]2C[NH2+]CC[C@@H]2F)cc1,1
O(C(=O)c1ccccc1)[C@@H]1C[C@H]2[NH+]([C@H](CC2)[C@H]1C(OC)=O)C,1
O=C1N(CC[C@@H]1[NH2+]Cc1n(cnc1)Cc1ccc(cc1)C#N)Cc1ccccc1,1
O=C(N)[C@](CCN(C(C)C)C(C)C)(c1ccccc1)c1ncccc1,1
O(C)c1cc(ccc1OC)Cc1nccc2c1cc(OC)c(OC)c2,1
O1c2c(ccc(c2)CC)C(=O)C=C1C(=O)NC1CCN(CC1)Cc1cc2OCOc2cc1,1
O(c1cc(ccc1O)C[C@H]1N(CCc2cc(OC)c(OC)cc12)C)c1cc2c(cc1OC)CCN(C)[C@@H]2Cc1ccc(OC)cc1,1
Clc1nc(n(Cc2ccc(cc2)-c2ccccc2-c2n[n-]nn2)c1CO)CCCC,1
Fc1ccc(F)cc1C=1CN(C(=O)C(C)(C)C)[C@@H](C=1)c1cc(O)ccc1,1
S(C)c1ncccc1C(=O)N1CC[C@@H]([NH2+]Cc2n(cnc2)Cc2ccc(cc2)C#N)C1=O,1
Clc1cc(ccc1Cl)[C@@H]1CC[C@H]([NH2+]C)c2c1cccc2,1
Fc1cc2[nH]c(C(OC)=O)c(c2cc1)[C@@H]1C[NH2+]CC[C@H]1F,1
Fc1cc(ccc1OC)CN1CCC(NC(=O)C=2Oc3c(ccc(F)c3)C(=O)C=2)CC1,1
FC(F)(F)c1cc(ccc1CC(=O)N[C@@H]1N=C(c2c(N(CC(F)(F)F)C1=O)cccc2)c1ccccc1)C(F)(F)F,1
FC(F)(F)COc1ccccc1OCCN[C@@H](Cc1cc(c2N(CCc2c1)CCCO)C(=O)N)C,1
O(C[C@H](O)[C@@H](NC(C)C)C)c1c2c(CCC2)c(cc1)C,1
[NH+](CC\C=C/1\c2c(CCc3c\1cccc3)cccc2)(C)C,1
S(=O)(=O)(N)c1ccc(-n2nc(cc2-c2ccc(cc2)C)C(F)(F)F)cc1,1
S(=O)(=O)(N(C)[C@@H]1c2cc(OCCCC(F)(F)F)ccc2OC(C)(C)[C@H]1O)C,1
S(=O)(=O)(NCc1ccc(cc1)CC(=O)N([C@@H](CN1C[C@H](O)CC1)c1ccccc1)C)C,1
O(C[C@H](O)C[NH2+]C(C)C)c1c2c(ccc1)cccc2,1
Clc1cc2c(n(cc2C=2CC[NH+](CC=2)CCN2CCNC2=O)-c2ccc(F)cc2)cc1,1
[S+]12[C@@H]([C@H]3N(Cc4ccccc4)C(=O)N([C@H]3C1)Cc1ccccc1)CCC2,1
O=C1N(CC[C@@H]1[NH2+]Cc1n(cnc1)Cc1ccc(cc1)C#N)C(=O)c1cccnc1C,1
Fc1cc2OC(=CC(=O)c2cc1)C(=O)NC1CCN(CC1)Cc1cc(OC)ccc1,1
O(CC[NH2+]C[C@@H](O)COC=1[C@H]2C(=Nc3c2cccc3)C=CC=1)c1ccccc1OC,1
Clc1cc2OC(=CC(=O)c2cc1F)C(=O)NC1CCN(CC1)Cc1cc2OCOc2cc1,1
s1cc(cc1C#CCOCCOC)-c1n[nH]c-2c1Cc1c-2cc(cc1)Cn1ncnc1,1
s1c2Nc3c(N=C(N4CC[NH+](CC4)C)c2cc1CO)cccc3,1
O[C@@H](C(C[C@H](NC)C)(c1ccccc1)c1ccccc1)CC,1
O(C(=O)c1c2c([nH]c1)cccc2)C1C[C@@H]2[NH+]3[C@H](C1)CC(C2)[C@@H](O)C3,1
Fc1cc2OC(=CC(=O)c2cc1)C(=O)NC1CCN(CC1)Cc1cc2OCCOc2cc1,1
O(C)c1cc(ccc1OC)CCNCCCNC(=O)c1ccc([N+](=O)[O-])cc1,1
Oc1cc(ccc1)[C@@H]([C@H](CN(C)C)C)CC,1
S(=O)(=O)(N1CCN(CC1)Cc1cc2CC[C@H](N3CCN(CC3=O)CCc3ccc(F)cc3)Cc2cc1)C,1
Clc1cc2OCOc2cc1CN1CCC(NC(=O)C=2Oc3c(ccc(F)c3)C(=O)C=2)CC1,1
FC(F)(F)c1ccc(cc1)C1(CC1)CN1C=Cn2c(nc(c2)C)C1=O,1
s1c2Nc3c(N=C(N4CCNCC4)c2cc1C)cccc3,1
S(CC)c1ncccc1C(=O)N1CC[C@@H]([NH2+]Cc2n(cnc2)Cc2ccc(cc2)C#N)C1=O,1
Fc1cc(OC)ccc1CN1CCC(NC(=O)C=2Oc3c(ccc(F)c3)C(=O)C=2)CC1,1
Fc1ccc(F)cc1C=1CN(C(=O)N(CCO)C)[C@@H](C=1)c1cc(O)ccc1,1
Fc1cc2OC(=CC(=O)c2cc1)C(=O)NC1CCN(CC1)Cc1cc2OCOc2cc1,1
Clc1ccc(cc1)C1(CCC1)[C@H]([NH+](C)C)CC(C)C,1
OC(C1CCN(CC1)CCC[C@@H](O)c1ccc(cc1)C(C(O)=O)(C)C)(c1ccccc1)c1ccccc1,1
Fc1ccc(F)cc1C=1CN(C(=O)[C@@H](O)C2CC2)[C@@H](C=1)c1cc(O)ccc1,1
O(C(c1ccccc1)c1ccccc1)CCN(C)C,1
S(=O)(=O)(N(C)[C@H]1c2cc(ccc2OC(C)(C)[C@@H]1O)C#N)CC,1
O=C(Nc1c(cccc1C)C)[C@@H]1[NH+](CCCC1)CC1CC1,1
Clc1cc2cc(oc2cc1)C(=O)N(CCCN1c2c(CCc3c1cccc3)cccc2)C,1
O=C(Nc1c(cccc1C)C)[C@@H]1N(CCCC1)CCCC,1
n1c2N3[C@H](Cc2ccc1C)CNC[C@H]3C,1
O(C)c1cc(N[C@@H](CCCN)C)c2ncccc2c1,1
FC(F)Oc1ccc(cc1OC1CCC1)[C@H](C=1C=C[C@@H](NC=1)C(O)(C)C)c1cc[n+](O)cc1,1
S(C(=O)C)[C@H]1[C@H]2[C@@H]3CC[C@]4(OC(=O)CC4)[C@]3(CC[C@@H]2[C@@]2(C(=CC(=O)CC2)C1)C)C,1
O=C(Nc1c(cccc1C)C)[C@@H]1N(CCCC1)CCC,1
S1(=O)(=O)CCN(CC1)Cc1cc2CC[C@H](N3CCN(CC3=O)CCc3ccc(F)cc3)Cc2cc1,1
Fc1ccc(cc1)CCN1CC(=O)N(CC1)[C@H]1CCc2cc(ccc2C1)CN([C@@H](C(=O)N(C)C)CO)C,1
FC(F)Oc1ccc(cc1OC(C)(C)C)[C@H](C=1C=C[C@@H](NC=1)C(O)(C)C)c1cc[n+]([O-])cc1,1
S(=O)([O-])(=NC(=O)c1cc(OC)c(cc1)Cc1c2cc(NC(OC3CCCC3)=O)ccc2n(c1)C)c1ccccc1C,1
O(CC#CC[NH+](CC)CC)C(=O)[C@](O)(C1CCCCC1)c1ccccc1,1
FC(F)Oc1cc(ccc1OC(F)F)[C@@H](C=1C=C[C@@H](NC=1)C(O)(C)C)c1cc[n+]([O-])cc1,1
CN(C)Cc1cc2cc(ccc2n1c3ccc(cc3)F)Cl,1
Clc1cc2c(n(cc2C2CC[NH+](CC2)CCN2CCNC2=O)-c2ccc(cc2)COC)cc1,1
O1c2c(C(=O)C[C@H]1c1ccc(O)cc1)c(O)cc(O)c2,1
FC(F)Oc1ccc(cc1OC(C)C)[C@H](C=1C=C[C@@H](NC=1)C(O)(C)C)c1cc[n+]([O-])cc1,0
FC(F)Oc1ccc(cc1OC(C)C)[C@H](C=1C=C[C@@H](NC=1)C(O)(C)C)c1ccc[n+]([O-])c1,0
FC1(F)CCC(CC1)C(=O)N[C@@H](CCN1[C@H]2CC(n3c(nnc3C)C(C)C)C[C@@H]1CC2)c1ccccc1,0
S(=O)(=O)(Nc1ccc(cc1)C(=O)NCC[NH+](CC)CC)C,0
O=C1N(CC[C@@H]1[NH2+]Cc1n(cnc1)Cc1ccc(cc1)C#N)C(=O)c1cccnc1[O-],0
Clc1ccccc1C1=NCc2n(-c3c1cc(Cl)cc3)c(nn2)C,0
o1nc2c(n1)cccc2[C@@H]1C(C(OC(C)C)=O)=C(NC(C)=C1C(OC)=O)C,0
s1cc(cc1C#CCOc1ccccc1)-c1n[nH]c-2c1Cc1cc(ccc1-2)CN1CCN(CC1=O)C,0
O1[C@@H](CC)[C@](O)(C)[C@H](O)[C@H](C)C(=O)[C@@H](C[C@@](OC)(C)[C@H](O[C@@H]2O[C@@H](C[C@@H]([NH+](C)C)[C@@H]2O)C)[C@@H](C)[C@@H](O[C@@H]2O[C@@H](C)[C@H](O)[C@](OC)(C2)C)[C@H](C)C1=O)C,0
S1[C@H](NC=C1[C@@H](c1cc(OC(C)(C)C)c(OC(F)F)cc1)c1cc[n+]([O-])cc1)C(O)(C(F)(F)F)C(F)(F)F,0
Fc1c(c2c([N+](=C[C@@H](C(=O)[O-])C2=O)C2CC2)cc1N1C[C@H]([NH2+]CC1)C)C,0
Clc1cc(C(=O)NCCc2ccc(S(=O)([O-])=NC(=O)NC3CCCCC3)cc2)c(OC)cc1,0
S(=O)([O-])(=NC(=O)NC1CCC(CC1)C)c1ccc(cc1)CCNC(=O)N1CC(C)=C(CC)C1=O,0
O1CCC[C@@H]1C(=O)NCCCN(C)c1nc(c2cc(OC)c(OC)cc2n1)C,0
O=C(N)[C@@](CC[NH+](C(C)C)C(C)C)(c1ccccc1)c1ncccc1,0
S(=O)(=O)(N1CC[NH+](CC1)C)c1cc(C2=NC(=O)C3=[N+](N=C(C3=N2)CCC)C)c(OCC)cc1,0
O1c2cc(ccc2OC1)[C@@H]1N2[C@H](Cc3c1[nH]c1c3cccc1)C(=O)N(CC2=O)C,0
O=C1CC[C@@]2([C@H]3[C@H]([C@H]4CC[C@@](O)(CCC(O)=O)[C@]4(CC3)C)C=CC2=C1)C,0
S(=O)(=O)(N)c1cc(ccc1OC)C[C@H]([NH2+]CCOc1ccccc1OCC)C,0
O(C[C@H](O)CNCCC)c1ccc(O)cc1C(=O)CCc1ccccc1,0
O1[C@@H]2[C@H]([C@H](C)C1=O)[C@H](O)C[C@]1(C2=C(C)C(=O)C=C1)C,0
O=C1NC(=O)NC(=O)C1([C@@H](CCC)C)CC,0
O1[C@H](CC)[C@](O)(C)[C@H](O)[C@@H](C)C(=O)[C@@H](C[C@](O)(C)[C@H](O[C@@H]2O[C@@H](C[C@H]([NH2+]C)[C@@H]2O)C)[C@@H](C)[C@H](O[C@@H]2O[C@@H](C)[C@H](O)[C@](OC)(C2)C)[C@H](C)C1=O)C,0
Fc1cc(F)c(F)cc1C[C@@H](N)CC(=O)N1CCn2c(nnc2C(F)(F)F)C1,0
O1[C@H](CC)[C@](O)(C)[C@H](O)[C@@H](C)C(=O)[C@@H](C[C@](O)(C)[C@H](O[C@@H]2O[C@@H](C[C@H](N(C)C)[C@H]2O)C)[C@@H](C)[C@H](O[C@@H]2O[C@@H](C)[C@H](O)[C@](O)(C2)C)[C@@H](C)C1=O)C,0
O=C(Nc1c(cccc1C)C)[C@H]1N(CCCC1)C,0
[NH+]=1C[C@@H]2N(c3c(Cc4c2cccc4)cccc3)C=1N,0
O(C(=O)C=1[C@H]2[NH+]([C@H](CC=1)CC2)C)C,0
O=C1N2[C@@H]([C@@H]3[C@@H]4N(CCC[C@@H]4C2)CCC3)CC=C1,0
Fc1cc2c(nc1N1CC3(CNC3)/C(=N/OC)/C1)N(C[C@@H](C(O)=O)C2=O)C1CC1,0
s1cc(C)c(NC(=O)[C@@H](NCCC)C)c1C(OC)=O,0
Clc1c(cccc1Cl)-c1nnc(nc1N)N,0
O=C(Nc1c(cccc1C)C)CN(CC)CC,0
O1c2c(C(=O)C[C@H]1c1cc(O)c(OC)cc1)c(O)cc(O)c2,0
O1[C@@H]2[C@]34[C@H]([C@H]([NH+](CC3)C)Cc3c4c1c(OC)cc3)C=C[C@@H]2O,0
O1[C@H](C)[C@H](C)[C@@H](O)[C@@H](C)C(=O)[C@@]2(OC2)C[C@@H](C)[C@@H](O[C@H]2O[C@@H](C[C@@H]([NH+](C)C)[C@@H]2O)C)[C@@H](C)[C@@H](O[C@@H]2O[C@H](C)[C@@H](O)[C@H](OC)C2)[C@H](C)C1=O,0
S1C=2N(c3c(cc(F)c(N4CCN(CC4)CC=4OC(OC=4C)=O)c3)C(=O)C=2C(O)=O)[C@H]1C,0
OC(C1CC[NH+](CC1)CCC[C@@H](O)c1ccc(cc1)C(O)(C)C)(c1ccccc1)c1ccccc1,0
O(C(=O)C=1C(C(C(OC)=O)=C(NC=1C)C)c1ccccc1[N+](=O)[O-])C,0
Fc1cc2c3N(C=C(C(=O)[O-])C2=O)[C@H](COc3c1N1CC[NH+](CC1)C)C,0
O(C[C@H](O)C[NH2+]C(C)C)c1ccc(cc1)CC(=O)N,0
O1[C@H]2[C@]34[C@H]([C@H]([NH+](CC3)C)Cc3c4c1c(O)cc3)C=C[C@@H]2O,0
n1ccc(N)cc1,0
O[C@H]1C[C@@H]2[NH+]([C@@H](CC2)[C@H]1C(OC)=O)C,0
S(=O)(=O)(Nc1noc(c1)C)c1ccc(N)cc1,0
Clc1cc2c(n(cc2CCC)-c2ccc(F)cc2)cc1,0
Clc1cc2c(n(cc2C2CC[NH+](CC2)CCN2CCNC2=O)-c2ccc(cc2)C(=O)[O-])cc1,0
O(CCCCCOc1ccc(cc1)C(N)=N)c1ccc(cc1)C(N)=N,0
Fc1ccc(cc1)-c1c2c(n(C(C)C)c1\C=C/[C@@H](O)C[C@@H](O)CC(=O)[O-])cccc2,0
Fc1ccc(cc1)[C@@H]1CC[NH2+]C[C@@H]1COc1cc2OCOc2cc1,0
Fc1ccc(cc1)CN/C(/O)=C\1/N=C(N(C)C(=O)C/1=O)C(NC(=O)c1oc(nn1)C)(C)C,0
O([C@](C)(c1ccccc1)c1ncccc1)CC[NH+](C)C,0
O1[C@@H](C[C@@H](O)CC1=O)CC[C@@H]1[C@@H]2C(=C[C@@H](C[C@@H]2OC(=O)C(CC)(C)C)C)C=C[C@@H]1C,0
O1[C@@H](C[C@@H](OC(=O)[C@@H](NC=O)CC(C)C)CCCCCCCCCCC)[C@H](CCCCCC)C1=O,0
O1[C@@H]2[C@]34CC[NH+]([C@H](Cc5c3c1c(OC)cc5)[C@]4(O)CCC2=O)C,0
O=C(N([C@@H](C(C)C)C(=O)[O-])Cc1ccc(cc1)-c1ccccc1-c1n[n-]nn1)CCCC,0
O=C([O-])[C@H]1N(CCC1)C(=O)[C@@H]([NH2+][C@H](CCc1ccccc1)C(=O)[O-])CCCC[NH3+],0
O=C1C[C@@H](O)[C@H](\C=C\C[C@@](O)(CCCC)C)[C@H]1CCCCCCC(OC)=O,0
O[C@@](CC[NH+]1CCCCC1)([C@H]1[C@H]2C=C[C@@H](C1)C2)c1ccccc1,0
Oc1cc(ccc1)[C@@]1(CCN(C[C@@H]1C)C[C@H](Cc1ccccc1)C(=O)NCC(O)=O)C,0
S(=O)(=O)(N[C@H]1C=C2C=C(N=C2C=C1)C(=O)N1CCN(CC1)c1ncccc1NC(C)C)C,0
S(=O)([O-])(=NC(=O)NC1CCCCC1)c1ccc(cc1)CCNC(=O)c1ncc(nc1)C,0
S1[C@H](Cc2ccc(OCCc3ncc(cc3)CC)cc2)C(=O)NC1=O,0
S=C(N)c1cc(ncc1)CC,0
n1c2c(CCCC2)c(N)c2c1cccc2,0
n1cn(nc1)C(c1ccc(cc1)C#N)c1ccc(cc1)C#N,0
n1cn(nc1)Cc1cc(cc(c1)C(C#N)(C)C)C(C#N)(C)C,0
o1c(c(nc1CCC(=O)[O-])-c1ccccc1)-c1ccccc1,0
o1c(ccc1\C=N\N1CC(=O)NC1=O)-c1ccc([N+](=O)[O-])cc1,0
o1ncc2C[C@@]3([C@@H]4[C@H]([C@@H]5CC[C@@](O)(C#C)[C@]5(CC4)C)CCC3=Cc12)C,0
s1c(cnc1NC(=O)C=1N(S(=O)(=O)c2c(cccc2)C=1O)C)C,0
s1c(nnc1S(=O)(=O)N)NC(=O)C,0
s1c2C[C@@H]([NH2+]CCC)CCc2nc1N,0
s1c2c(ccc(O)c2)c(C(=O)c2ccc(OCC[NH+]3CCCCC3)cc2)c1-c1ccc(O)cc1,0
O\N=C(/N)\CC/C(=N/O)/N,0
n1c(nc(nc1N)N)CCCc1nc(nc(n1)N)N,0
n1c(nc(nc1N)N)CCCCc1nc(nc(n1)N)N,0
OCCCC[C@@H](N)C(O)=O,0
[Cu+2].OC(=O)CN(CCN(CC(O)=O)CC(O)=O)CC(O)=O,0
[Mn+2].OC(=O)CN(CCN(CC(O)=O)CC(O)=O)CC(O)=O,0
SC(=S)NCCN,0
OC(=O)CCNCC(O)=O,0
OC[C@H](O)CNCCN,0
OCCn1nnnc1N,0
S(CCC(O)=O)CCN,0
S(SCCN)(=O)(=O)CCN,0
OCNC=1C(=NC(=N)N(O)C=1N)N,0
